{
  "ticker": "000150",
  "name": "두산",
  "market": "KOSPI",
  "quarter": "2025Q1",
  "year": 2025,
  "quarter_num": 1,
  "revenue": 4298676000000,
  "operating_profit": 198460000000,
  "net_income": 11290000000,
  "total_assets": 30791952000000,
  "total_debt": 18843148000000,
  "total_equity": 11948804000000,
  "data_source": "f_data_financial",
  "revenue_yoy": -3.667588188445159,
  "operating_profit_yoy": -42.95350664570628,
  "net_income_yoy": -95.00322313407223,
  "debt_ratio": 157.69902996149239,
  "operating_margin": 4.6167703730171805,
  "net_margin": 0.26263900791778677,
  "roe": 0.3779457759956561,
  "cached_at": "2025-06-09T15:59:33.806112"
}