{
  "ticker": "000270",
  "name": "기아",
  "market": "KOSPI",
  "quarter": "2025Q1",
  "year": 2025,
  "quarter_num": 1,
  "revenue": 28017510000000,
  "operating_profit": 3008588000000,
  "net_income": 2392590000000,
  "total_assets": 96285813000000,
  "total_debt": 40269635000000,
  "total_equity": 56016178000000,
  "data_source": "f_data_financial",
  "revenue_yoy": 6.884634563405556,
  "operating_profit_yoy": -12.17622040394546,
  "net_income_yoy": -14.825713443538957,
  "debt_ratio": 71.88929419640162,
  "operating_margin": 10.738241906579136,
  "net_margin": 8.53962397086679,
  "roe": 17.08499283903304,
  "cached_at": "2025-06-09T15:58:21.099910"
}