{
  "ticker": "000250",
  "name": "삼천당제약",
  "market": "KOSDAQ",
  "quarter": "2025Q1",
  "year": 2025,
  "quarter_num": 1,
  "revenue": 50617981535,
  "operating_profit": 687680603,
  "net_income": 1275086568,
  "total_assets": 493785793776,
  "total_debt": 147540557927,
  "total_equity": 346245235849,
  "data_source": "f_data_financial",
  "revenue_yoy": 4.458959578745292,
  "operating_profit_yoy": -63.09519756044916,
  "net_income_yoy": -45.085477142524056,
  "debt_ratio": 42.611577763727986,
  "operating_margin": 1.3585697851750578,
  "net_margin": 2.5190387473635956,
  "roe": 1.4730444621119052,
  "cached_at": "2025-06-09T16:16:57.809744"
}