{
  "ticker": "000860",
  "name": "강남제비스코",
  "market": "KOSPI",
  "quarter": "2025Q1",
  "year": 2025,
  "quarter_num": 1,
  "revenue": 141022471131,
  "operating_profit": 698728439,
  "net_income": -57154293,
  "total_assets": 967533510784,
  "total_debt": 266358531865,
  "total_equity": 701174978919,
  "data_source": "f_data_financial",
  "revenue_yoy": -5.328585702369515,
  "operating_profit_yoy": -84.92482371456418,
  "net_income_yoy": -101.40943730222263,
  "debt_ratio": 37.98745532472428,
  "operating_margin": 0.4954731209829178,
  "net_margin": -0.04052850055854408,
  "roe": -0.032604867383097244,
  "cached_at": "2025-06-09T15:57:57.524825"
}