{
  "ticker": "000990",
  "name": "DB하이텍",
  "market": "KOSPI",
  "quarter": "2025Q1",
  "year": 2025,
  "quarter_num": 1,
  "revenue": 297380601926,
  "operating_profit": 52501423092,
  "net_income": 45900203431,
  "total_assets": 2413795895202,
  "total_debt": 443682399205,
  "total_equity": 1970113495997,
  "data_source": "f_data_financial",
  "revenue_yoy": 13.721867854931858,
  "operating_profit_yoy": 27.921456758903453,
  "net_income_yoy": 4.525560242755633,
  "debt_ratio": 22.520651734354477,
  "operating_margin": 17.654622645852474,
  "net_margin": 15.434834395291789,
  "roe": 9.319301354823041,
  "cached_at": "2025-06-09T15:55:55.090826"
}