{
  "ticker": "001120",
  "name": "LX인터내셔널",
  "market": "KOSPI",
  "quarter": "2025Q1",
  "year": 2025,
  "quarter_num": 1,
  "revenue": 4048339780466,
  "operating_profit": 116876130436,
  "net_income": 110442672721,
  "total_assets": 9141124338210,
  "total_debt": 5807862039635,
  "total_equity": 3333262298575,
  "data_source": "f_data_financial",
  "revenue_yoy": 7.2097610040010585,
  "operating_profit_yoy": 5.571853089113432,
  "net_income_yoy": 12.681784119177287,
  "debt_ratio": 174.23957430886594,
  "operating_margin": 2.8870138568889225,
  "net_margin": 2.7280979045757636,
  "roe": 13.253403162207217,
  "cached_at": "2025-06-09T15:57:03.342648"
}