{
  "ticker": "001230",
  "name": "동국홀딩스",
  "market": "KOSPI",
  "quarter": "2025Q1",
  "year": 2025,
  "quarter_num": 1,
  "revenue": 465564240587,
  "operating_profit": 14957549526,
  "net_income": 2184816410,
  "total_assets": 2587882818106,
  "total_debt": 752388759503,
  "total_equity": 1835494058603,
  "data_source": "f_data_financial",
  "revenue_yoy": 5.849308393540564,
  "operating_profit_yoy": 14.151120409703788,
  "net_income_yoy": -87.52720363576776,
  "debt_ratio": 40.99107572571743,
  "operating_margin": 3.2127788653056744,
  "net_margin": 0.4692835530592525,
  "roe": 0.476126065297726,
  "cached_at": "2025-06-09T15:59:16.409575"
}