{
  "ticker": "001430",
  "name": "세아베스틸지주",
  "market": "KOSPI",
  "quarter": "2025Q1",
  "year": 2025,
  "quarter_num": 1,
  "revenue": 899902494839,
  "operating_profit": 18103104964,
  "net_income": 6003584755,
  "total_assets": 3887467876983,
  "total_debt": 1988882736372,
  "total_equity": 1898585140611,
  "data_source": "f_data_financial",
  "revenue_yoy": -5.577100804026602,
  "operating_profit_yoy": -14.907992391038306,
  "net_income_yoy": -62.6092880072705,
  "debt_ratio": 104.75604669127141,
  "operating_margin": 2.011674050002361,
  "net_margin": 0.6671372498055016,
  "roe": 1.2648544701172442,
  "cached_at": "2025-06-09T16:01:27.755457"
}