{
  "ticker": "001460",
  "name": "BYC",
  "market": "KOSPI",
  "quarter": "2025Q1",
  "year": 2025,
  "quarter_num": 1,
  "revenue": 35340964470,
  "operating_profit": 4202198337,
  "net_income": 3201194704,
  "total_assets": 713964910888,
  "total_debt": 164721826630,
  "total_equity": 549243084258,
  "data_source": "f_data_financial",
  "revenue_yoy": -8.601345214051781,
  "operating_profit_yoy": -18.3658051557938,
  "net_income_yoy": -19.359635468432856,
  "debt_ratio": 29.990696533308377,
  "operating_margin": 11.890446115490521,
  "net_margin": 9.058028698445423,
  "roe": 2.3313500311612696,
  "cached_at": "2025-06-09T15:55:44.129558"
}