{
  "ticker": "001530",
  "name": "DI동일",
  "market": "KOSPI",
  "quarter": "2025Q1",
  "year": 2025,
  "quarter_num": 1,
  "revenue": 162514554436,
  "operating_profit": 1558610288,
  "net_income": -1485160542,
  "total_assets": 998310563383,
  "total_debt": 465367210025,
  "total_equity": 532943353358,
  "data_source": "f_data_financial",
  "revenue_yoy": -2.214355481948538,
  "operating_profit_yoy": -65.37882884923903,
  "net_income_yoy": -138.20483617772945,
  "debt_ratio": 87.32020149848715,
  "operating_margin": 0.9590588937766786,
  "net_margin": -0.9138630980801613,
  "roe": -1.1146854784038231,
  "cached_at": "2025-06-09T15:55:56.151519"
}