{
  "ticker": "001550",
  "name": "조비",
  "market": "KOSPI",
  "quarter": "2025Q1",
  "year": 2025,
  "quarter_num": 1,
  "revenue": 25264253769,
  "operating_profit": 1828620162,
  "net_income": 1287427391,
  "total_assets": 122736072328,
  "total_debt": 68771965520,
  "total_equity": 53964106808,
  "data_source": "f_data_financial",
  "revenue_yoy": -5.783678740875486,
  "operating_profit_yoy": -15.019020932341032,
  "net_income_yoy": 43.28167350573733,
  "debt_ratio": 127.44019976960831,
  "operating_margin": 7.237974169827933,
  "net_margin": 5.095845706631209,
  "roe": 9.542842212365818,
  "cached_at": "2025-06-09T16:03:33.813266"
}