{
  "ticker": "001620",
  "name": "케이비아이동국실업",
  "market": "KOSPI",
  "quarter": "2025Q1",
  "year": 2025,
  "quarter_num": 1,
  "revenue": 171160187835,
  "operating_profit": -6471774384,
  "net_income": -5453060812,
  "total_assets": 787941953561,
  "total_debt": 559515952630,
  "total_equity": 228426000931,
  "data_source": "f_data_financial",
  "revenue_yoy": 3.942761016335994,
  "operating_profit_yoy": -458.2168920504745,
  "net_income_yoy": -204.09217696115118,
  "debt_ratio": 244.94407394498467,
  "operating_margin": -3.781121337772105,
  "net_margin": -3.185939955415801,
  "roe": -9.548931890021032,
  "cached_at": "2025-06-09T16:03:51.426165"
}