{
  "ticker": "001940",
  "name": "KISCO홀딩스",
  "market": "KOSPI",
  "quarter": "2025Q1",
  "year": 2025,
  "quarter_num": 1,
  "revenue": 190603268215,
  "operating_profit": -19648155390,
  "net_income": -6607076271,
  "total_assets": 1699225569761,
  "total_debt": 179196365558,
  "total_equity": 1520029204203,
  "data_source": "f_data_financial",
  "revenue_yoy": -26.158334148814543,
  "operating_profit_yoy": -872.2083017636701,
  "net_income_yoy": -154.20788810119035,
  "debt_ratio": 11.789008070536276,
  "operating_margin": -10.308404244064132,
  "net_margin": -3.466402403733831,
  "roe": -1.7386708762518288,
  "cached_at": "2025-06-09T15:56:45.698455"
}