{
  "ticker": "002680",
  "name": "한탑",
  "market": "KOSDAQ",
  "quarter": "2025Q1",
  "year": 2025,
  "quarter_num": 1,
  "revenue": 20273961136,
  "operating_profit": 675810654,
  "net_income": 581760695,
  "total_assets": 130668295838,
  "total_debt": 84250938981,
  "total_equity": 46417356857,
  "data_source": "f_data_financial",
  "revenue_yoy": 0.9526702359213379,
  "operating_profit_yoy": -27.839897147399896,
  "debt_ratio": 181.5074030185639,
  "operating_margin": 3.333392273303606,
  "net_margin": 2.869496942888882,
  "roe": 5.013303077917649,
  "cached_at": "2025-06-09T16:41:20.078601"
}