{
  "ticker": "002700",
  "name": "신일전자",
  "market": "KOSPI",
  "quarter": "2025Q1",
  "year": 2025,
  "quarter_num": 1,
  "revenue": 31723247860,
  "operating_profit": -754337782,
  "net_income": -834915147,
  "total_assets": 121293125732,
  "total_debt": 42176920746,
  "total_equity": 79116204986,
  "data_source": "f_data_financial",
  "revenue_yoy": 8.452659894707871,
  "debt_ratio": 53.310090838486765,
  "operating_margin": -2.3778705929765414,
  "net_margin": -2.631871587312309,
  "roe": -4.22120928144995,
  "cached_at": "2025-06-09T16:01:45.893616"
}