{
  "ticker": "002780",
  "name": "진흥기업",
  "market": "KOSPI",
  "quarter": "2025Q1",
  "year": 2025,
  "quarter_num": 1,
  "revenue": 95363849971,
  "operating_profit": 1186101510,
  "net_income": 3400672309,
  "total_assets": 496879323657,
  "total_debt": 225153649028,
  "total_equity": 271725674629,
  "data_source": "f_data_financial",
  "revenue_yoy": -44.28569868379414,
  "operating_profit_yoy": -87.69374398769516,
  "net_income_yoy": -61.8881177031786,
  "debt_ratio": 82.86064588317353,
  "operating_margin": 1.2437642884181916,
  "net_margin": 3.5659972935594983,
  "roe": 5.006037524636713,
  "cached_at": "2025-06-09T16:03:44.594759"
}