{
  "ticker": "003090",
  "name": "대웅",
  "market": "KOSPI",
  "quarter": "2025Q1",
  "year": 2025,
  "quarter_num": 1,
  "revenue": 481434644144,
  "operating_profit": 61138955570,
  "net_income": 34512268389,
  "total_assets": 2757991646791,
  "total_debt": 1241905412938,
  "total_equity": 1516086233853,
  "data_source": "f_data_financial",
  "operating_profit_yoy": 26.113036040992622,
  "net_income_yoy": 38.17331665892026,
  "debt_ratio": 81.91522257819112,
  "operating_margin": 12.699326131526373,
  "net_margin": 7.168630012151176,
  "roe": 9.105621466211748,
  "cached_at": "2025-06-09T15:58:56.752944"
}