{
  "ticker": "003480",
  "name": "한진중공업홀딩스",
  "market": "KOSPI",
  "quarter": "2025Q1",
  "year": 2025,
  "quarter_num": 1,
  "revenue": 0,
  "operating_profit": 38421000000,
  "net_income": 28020000000,
  "total_assets": 1890634000000,
  "total_debt": 1445237000000,
  "total_equity": 445397000000,
  "data_source": "f_data_financial",
  "revenue_yoy": -100.0,
  "operating_profit_yoy": 98.32240747431993,
  "net_income_yoy": 38.13162435297017,
  "debt_ratio": 324.4828770737118,
  "roe": 25.16406711315972,
  "cached_at": "2025-06-09T16:05:19.230540"
}