{
  "ticker": "003530",
  "name": "한화투자증권",
  "market": "KOSPI",
  "quarter": "2025Q1",
  "year": 2025,
  "quarter_num": 1,
  "revenue": 836959197971,
  "operating_profit": 47151118296,
  "net_income": 37156110423,
  "total_assets": 14015722441492,
  "total_debt": 12279469446698,
  "total_equity": 1736252994794,
  "data_source": "f_data_financial",
  "revenue_yoy": 25.616417146335912,
  "operating_profit_yoy": 81.62477312030197,
  "net_income_yoy": -51.501922001482335,
  "debt_ratio": 707.2396409691961,
  "operating_margin": 5.6336220941601685,
  "net_margin": 4.439417179842909,
  "roe": 8.56006826986834,
  "cached_at": "2025-06-09T16:05:31.879583"
}