{
  "ticker": "003560",
  "name": "IHQ",
  "market": "KOSPI",
  "quarter": "2025Q1",
  "year": 2025,
  "quarter_num": 1,
  "revenue": 6738167156,
  "operating_profit": -1776659600,
  "net_income": 0,
  "total_assets": 138443820887,
  "total_debt": 40101032496,
  "total_equity": 98342788391,
  "data_source": "f_data_financial",
  "debt_ratio": 40.77679019692095,
  "operating_margin": -26.36710486497762,
  "net_margin": 0.0,
  "roe": 0.0,
  "cached_at": "2025-06-09T15:56:25.763565"
}