{
  "ticker": "003670",
  "name": "포스코퓨처엠",
  "market": "KOSPI",
  "quarter": "2025Q1",
  "year": 2025,
  "quarter_num": 1,
  "revenue": 845393850220,
  "operating_profit": 17150145795,
  "net_income": 48929585333,
  "total_assets": 8125970173504,
  "total_debt": 4726255077475,
  "total_equity": 3399715096029,
  "data_source": "f_data_financial",
  "revenue_yoy": -25.739873087217624,
  "operating_profit_yoy": -54.745739911129654,
  "net_income_yoy": -14.16964826685706,
  "debt_ratio": 139.01915142817262,
  "operating_margin": 2.028657505674657,
  "net_margin": 5.787785813708826,
  "roe": 5.756904205314341,
  "cached_at": "2025-06-09T16:04:35.275928"
}