{
  "ticker": "003830",
  "name": "대한화섬",
  "market": "KOSPI",
  "quarter": "2025Q1",
  "year": 2025,
  "quarter_num": 1,
  "revenue": 28723932000,
  "operating_profit": -172412235,
  "net_income": 7835587842,
  "total_assets": 832420694109,
  "total_debt": 134286230633,
  "total_equity": 698134463476,
  "data_source": "f_data_financial",
  "revenue_yoy": -15.668124246464421,
  "operating_profit_yoy": -128.7465924387618,
  "net_income_yoy": 73.23613910077376,
  "debt_ratio": 19.23500953733054,
  "operating_margin": -0.6002389749425671,
  "net_margin": 27.278952763152343,
  "roe": 4.489443367678334,
  "cached_at": "2025-06-09T15:59:09.170554"
}