{
  "ticker": "004170",
  "name": "신세계",
  "market": "KOSPI",
  "quarter": "2025Q1",
  "year": 2025,
  "quarter_num": 1,
  "revenue": 1665840480141,
  "operating_profit": 132333499738,
  "net_income": 77096433989,
  "total_assets": 14982914677637,
  "total_debt": 8658455035907,
  "total_equity": 6324459641730,
  "data_source": "f_data_financial",
  "revenue_yoy": 3.807563110719414,
  "operating_profit_yoy": -18.813995539306905,
  "net_income_yoy": -40.51546586501432,
  "debt_ratio": 136.90426576172374,
  "operating_margin": 7.943947893906326,
  "net_margin": 4.62808023385735,
  "roe": 4.876080383551057,
  "cached_at": "2025-06-09T16:01:41.746450"
}