{
  "ticker": "004430",
  "name": "송원산업",
  "market": "KOSPI",
  "quarter": "2025Q1",
  "year": 2025,
  "quarter_num": 1,
  "revenue": 275753000000,
  "operating_profit": 10937000000,
  "net_income": 4857000000,
  "total_assets": 1191977000000,
  "total_debt": 437555000000,
  "total_equity": 754422000000,
  "data_source": "f_data_financial",
  "revenue_yoy": 7.820466702117668,
  "operating_profit_yoy": -9.835119538334702,
  "net_income_yoy": -27.093965776043227,
  "debt_ratio": 57.99870629435515,
  "operating_margin": 3.966230648442628,
  "net_margin": 1.7613588972740097,
  "roe": 2.5752165233781623,
  "cached_at": "2025-06-09T16:01:35.107959"
}