{
  "ticker": "004410",
  "name": "서울식품",
  "market": "KOSPI",
  "quarter": "2025Q1",
  "year": 2025,
  "quarter_num": 1,
  "revenue": 16310100202,
  "operating_profit": -477135994,
  "net_income": -804802882,
  "total_assets": 68592417007,
  "total_debt": 46622770625,
  "total_equity": 21969646382,
  "data_source": "f_data_financial",
  "revenue_yoy": 8.962698949531656,
  "debt_ratio": 212.2144790787284,
  "operating_margin": -2.925401978471548,
  "net_margin": -4.934383431325041,
  "roe": -14.65299655727522,
  "cached_at": "2025-06-09T16:01:17.028684"
}