{
  "ticker": "004590",
  "name": "한국가구",
  "market": "KOSDAQ",
  "quarter": "2025Q1",
  "year": 2025,
  "quarter_num": 1,
  "revenue": 34690121985,
  "operating_profit": 5828668647,
  "net_income": 4620811215,
  "total_assets": 249855421582,
  "total_debt": 58462393729,
  "total_equity": 191393027853,
  "data_source": "f_data_financial",
  "revenue_yoy": 28.261266277219477,
  "operating_profit_yoy": 127.47831138138714,
  "net_income_yoy": 111.63614028626405,
  "debt_ratio": 30.545728015705052,
  "operating_margin": 16.802099022656407,
  "net_margin": 13.32025069556699,
  "roe": 9.657219527451185,
  "cached_at": "2025-06-09T16:40:24.977378"
}