{
  "ticker": "004830",
  "name": "덕성",
  "market": "KOSPI",
  "quarter": "2025Q1",
  "year": 2025,
  "quarter_num": 1,
  "revenue": 38516354968,
  "operating_profit": 2858117249,
  "net_income": 2245898183,
  "total_assets": 143192051071,
  "total_debt": 48365207651,
  "total_equity": 94826843420,
  "data_source": "f_data_financial",
  "revenue_yoy": 34.93202926321386,
  "operating_profit_yoy": 87.36296823692942,
  "net_income_yoy": 51.05128270389443,
  "debt_ratio": 51.0037093998631,
  "operating_margin": 7.420528893179454,
  "net_margin": 5.831024729276506,
  "roe": 9.473681088603298,
  "cached_at": "2025-06-09T15:59:12.478147"
}