{
  "ticker": "005110",
  "name": "한창",
  "market": "KOSPI",
  "quarter": "2025Q1",
  "year": 2025,
  "quarter_num": 1,
  "revenue": 314229383,
  "operating_profit": -1184091678,
  "net_income": 2279534975,
  "total_assets": 70257991546,
  "total_debt": 83716478933,
  "total_equity": -13458487387,
  "data_source": "f_data_financial",
  "revenue_yoy": -98.089540580596,
  "operating_profit_yoy": -171.53970751012488,
  "net_income_yoy": 60.84942711121963,
  "operating_margin": -376.82398338923,
  "net_margin": 725.4366072443327,
  "cached_at": "2025-06-09T16:05:20.289031"
}