{
  "ticker": "005740",
  "name": "크라운해태홀딩스",
  "market": "KOSPI",
  "quarter": "2025Q1",
  "year": 2025,
  "quarter_num": 1,
  "revenue": 263779173698,
  "operating_profit": 20422917392,
  "net_income": 12494424911,
  "total_assets": 1187682437223,
  "total_debt": 606218177841,
  "total_equity": 581464259382,
  "data_source": "f_data_financial",
  "revenue_yoy": 1.6823691131167662,
  "operating_profit_yoy": -5.153206321598391,
  "net_income_yoy": -13.015623668676824,
  "debt_ratio": 104.25716938910558,
  "operating_margin": 7.742429815699604,
  "net_margin": 4.7366987832423915,
  "roe": 8.595145589363996,
  "cached_at": "2025-06-09T16:04:14.725254"
}