{
  "ticker": "006110",
  "name": "삼아알미늄",
  "market": "KOSPI",
  "quarter": "2025Q1",
  "year": 2025,
  "quarter_num": 1,
  "revenue": 66095962153,
  "operating_profit": -2501740605,
  "net_income": -3908876013,
  "total_assets": 449744311969,
  "total_debt": 210404550164,
  "total_equity": 239339761805,
  "data_source": "f_data_financial",
  "revenue_yoy": 4.386069140492377,
  "debt_ratio": 87.91040342700153,
  "operating_margin": -3.7850127655437262,
  "net_margin": -5.9139407093457095,
  "roe": -6.532764942224222,
  "cached_at": "2025-06-09T16:00:57.078808"
}