{
  "ticker": "006570",
  "name": "대림통상",
  "market": "KOSPI",
  "quarter": "2025Q1",
  "year": 2025,
  "quarter_num": 1,
  "revenue": 28819151942,
  "operating_profit": -1241173821,
  "net_income": -2612670450,
  "total_assets": 162586036505,
  "total_debt": 106521611633,
  "total_equity": 56064424872,
  "data_source": "f_data_financial",
  "revenue_yoy": -20.25811432129425,
  "debt_ratio": 189.99858087583738,
  "operating_margin": -4.306767331314694,
  "net_margin": -9.06574369453387,
  "roe": -18.640486946686465,
  "cached_at": "2025-06-09T15:58:47.311421"
}