{
  "ticker": "006620",
  "name": "동구바이오제약",
  "market": "KOSDAQ",
  "quarter": "2025Q1",
  "year": 2025,
  "quarter_num": 1,
  "revenue": 58675647597,
  "operating_profit": 2333672343,
  "net_income": -720732701,
  "total_assets": 254213596910,
  "total_debt": 152247036211,
  "total_equity": 101966560699,
  "data_source": "f_data_financial",
  "revenue_yoy": -8.615643087385916,
  "operating_profit_yoy": -50.158864186754684,
  "net_income_yoy": -116.40486075060537,
  "debt_ratio": 149.31074968824865,
  "operating_margin": 3.977241732427538,
  "net_margin": -1.228333611160433,
  "roe": -2.8273296502666816,
  "cached_at": "2025-06-09T16:11:54.823572"
}