{
  "ticker": "006800",
  "name": "미래에셋증권",
  "market": "KOSPI",
  "quarter": "2025Q1",
  "year": 2025,
  "quarter_num": 1,
  "revenue": 6052641000000,
  "operating_profit": 346185000000,
  "net_income": 258225000000,
  "total_assets": 132773264000000,
  "total_debt": 120439404000000,
  "total_equity": 12333860000000,
  "data_source": "f_data_financial",
  "revenue_yoy": -3.6049502089793073,
  "operating_profit_yoy": 27.99230851437202,
  "net_income_yoy": 51.430843958700656,
  "debt_ratio": 976.4940091747434,
  "operating_margin": 5.71956935823552,
  "net_margin": 4.266319446337557,
  "roe": 8.374507250771455,
  "cached_at": "2025-06-09T16:00:23.256834"
}