{
  "ticker": "007070",
  "name": "GS리테일",
  "market": "KOSPI",
  "quarter": "2025Q1",
  "year": 2025,
  "quarter_num": 1,
  "revenue": 2761296550528,
  "operating_profit": 38667957774,
  "net_income": 4810249122,
  "total_assets": 7763064530101,
  "total_debt": 4626085521901,
  "total_equity": 3136979008200,
  "data_source": "f_data_financial",
  "revenue_yoy": -1.7464151151439622,
  "operating_profit_yoy": -47.66461948639859,
  "net_income_yoy": -87.60239544554534,
  "debt_ratio": 147.46944464111826,
  "operating_margin": 1.4003551254430142,
  "net_margin": 0.17420255427039194,
  "roe": 0.6133607026921258,
  "cached_at": "2025-06-09T15:56:11.094243"
}