{
  "ticker": "007160",
  "name": "사조산업",
  "market": "KOSPI",
  "quarter": "2025Q1",
  "year": 2025,
  "quarter_num": 1,
  "revenue": 155039491155,
  "operating_profit": 10897211830,
  "net_income": 14427540370,
  "total_assets": 1295952158257,
  "total_debt": 616868505451,
  "total_equity": 679083652806,
  "data_source": "f_data_financial",
  "revenue_yoy": 7.141760679160658,
  "operating_profit_yoy": 2221.2026252515025,
  "net_income_yoy": -1.3372513490594429,
  "debt_ratio": 90.83836768888125,
  "operating_margin": 7.028668469445351,
  "net_margin": 9.305719634732377,
  "roe": 8.498240421712314,
  "cached_at": "2025-06-09T16:00:38.987057"
}