{
  "ticker": "007120",
  "name": "미래아이앤지",
  "market": "KOSPI",
  "quarter": "2025Q1",
  "year": 2025,
  "quarter_num": 1,
  "revenue": 2320460331,
  "operating_profit": -74388286,
  "net_income": -427175626,
  "total_assets": 73776144887,
  "total_debt": 23181926622,
  "total_equity": 50594218265,
  "data_source": "f_data_financial",
  "revenue_yoy": -20.33975528598495,
  "operating_profit_yoy": -122.4172752594375,
  "net_income_yoy": -291.5460892509169,
  "debt_ratio": 45.819319710759835,
  "operating_margin": -3.2057555566115816,
  "net_margin": -18.40908979538164,
  "roe": -3.3772683175975544,
  "cached_at": "2025-06-09T16:00:14.633742"
}