{
  "ticker": "007340",
  "name": "DN오토모티브",
  "market": "KOSPI",
  "quarter": "2025Q1",
  "year": 2025,
  "quarter_num": 1,
  "revenue": 878712803000,
  "operating_profit": 137676198000,
  "net_income": 86829343000,
  "total_assets": 4956372128000,
  "total_debt": 2735829804000,
  "total_equity": 2220542324000,
  "data_source": "f_data_financial",
  "revenue_yoy": 12.522814452846065,
  "operating_profit_yoy": 11.335224806161959,
  "net_income_yoy": 12.951793028316194,
  "debt_ratio": 123.20547887922176,
  "operating_margin": 15.66794037027363,
  "net_margin": 9.881424591010541,
  "roe": 15.641105699546214,
  "cached_at": "2025-06-09T15:55:59.561085"
}