{
  "ticker": "007370",
  "name": "진양제약",
  "market": "KOSDAQ",
  "quarter": "2025Q1",
  "year": 2025,
  "quarter_num": 1,
  "revenue": 30940402180,
  "operating_profit": 3844605449,
  "net_income": 2266691274,
  "total_assets": 230126297586,
  "total_debt": 106828702647,
  "total_equity": 123297594939,
  "data_source": "f_data_financial",
  "revenue_yoy": 13.341774112296534,
  "operating_profit_yoy": 74.28818516283818,
  "net_income_yoy": 21.425973669237397,
  "debt_ratio": 86.64297361181474,
  "operating_margin": 12.425841870553215,
  "net_margin": 7.325991630015716,
  "roe": 7.353562006205938,
  "cached_at": "2025-06-09T16:34:47.378037"
}