{
  "ticker": "007310",
  "name": "오뚜기",
  "market": "KOSPI",
  "quarter": "2025Q1",
  "year": 2025,
  "quarter_num": 1,
  "revenue": 920765241160,
  "operating_profit": 57494160512,
  "net_income": 33232862987,
  "total_assets": 3677274784233,
  "total_debt": 1511076044182,
  "total_equity": 2166198740051,
  "data_source": "f_data_financial",
  "revenue_yoy": 4.208930596480975,
  "operating_profit_yoy": -21.460420915420887,
  "net_income_yoy": -31.504065888717882,
  "debt_ratio": 69.75703642715737,
  "operating_margin": 6.244171471934324,
  "net_margin": 3.6092655870819494,
  "roe": 6.1366230849562,
  "cached_at": "2025-06-09T16:02:29.891204"
}