{
  "ticker": "007530",
  "name": "와이엠",
  "market": "KOSDAQ",
  "quarter": "2025Q1",
  "year": 2025,
  "quarter_num": 1,
  "revenue": 43666690863,
  "operating_profit": 990451406,
  "net_income": 668112903,
  "total_assets": 154210980290,
  "total_debt": 98101453217,
  "total_equity": 56109527073,
  "data_source": "f_data_financial",
  "revenue_yoy": 1.9139391671449735,
  "operating_profit_yoy": -60.722892665064165,
  "net_income_yoy": -57.4796353566211,
  "debt_ratio": 174.83920883768522,
  "operating_margin": 2.268208069870568,
  "net_margin": 1.5300287010438673,
  "roe": 4.762919510127164,
  "cached_at": "2025-06-09T16:26:27.827852"
}