{
  "ticker": "007690",
  "name": "국도화학",
  "market": "KOSPI",
  "quarter": "2025Q1",
  "year": 2025,
  "quarter_num": 1,
  "revenue": 319114053487,
  "operating_profit": 12901749082,
  "net_income": 5752053020,
  "total_assets": 1694427199586,
  "total_debt": 839270408158,
  "total_equity": 855156791428,
  "data_source": "f_data_financial",
  "revenue_yoy": 7.755777877259584,
  "operating_profit_yoy": 642.933836222217,
  "debt_ratio": 98.14228414844582,
  "operating_margin": 4.042989940750318,
  "net_margin": 1.8025069586082414,
  "roe": 2.69052556333901,
  "cached_at": "2025-06-09T15:58:10.633675"
}