{
  "ticker": "007820",
  "name": "에스엠코어",
  "market": "KOSDAQ",
  "quarter": "2025Q1",
  "year": 2025,
  "quarter_num": 1,
  "revenue": 48107479926,
  "operating_profit": 1985421474,
  "net_income": 1865084971,
  "total_assets": 117484935969,
  "total_debt": 55775362134,
  "total_equity": 61709573835,
  "data_source": "f_data_financial",
  "revenue_yoy": 88.85084077101261,
  "operating_profit_yoy": 64.8131173817846,
  "net_income_yoy": -35.474247307879736,
  "debt_ratio": 90.3836449804904,
  "operating_margin": 4.127053583047833,
  "net_margin": 3.8769126420026896,
  "roe": 12.089436728160804,
  "cached_at": "2025-06-09T16:22:39.069693"
}