{
  "ticker": "008370",
  "name": "원풍",
  "market": "KOSDAQ",
  "quarter": "2025Q1",
  "year": 2025,
  "quarter_num": 1,
  "revenue": 23788091470,
  "operating_profit": 3074338861,
  "net_income": 2744379907,
  "total_assets": 106576254153,
  "total_debt": 14980110164,
  "total_equity": 91596143989,
  "data_source": "f_data_financial",
  "revenue_yoy": 10.626139425061055,
  "operating_profit_yoy": 35.97018157607912,
  "net_income_yoy": 2.6797580325779835,
  "debt_ratio": 16.354520519771004,
  "operating_margin": 12.923856732588895,
  "net_margin": 11.536780537694813,
  "roe": 11.984696243674096,
  "cached_at": "2025-06-09T16:30:32.576258"
}