{
  "ticker": "008470",
  "name": "부스타",
  "market": "KOSDAQ",
  "quarter": "2025Q1",
  "year": 2025,
  "quarter_num": 1,
  "revenue": 28844504597,
  "operating_profit": -57006614,
  "net_income": 415124090,
  "total_assets": 105445795161,
  "total_debt": 27284023145,
  "total_equity": 78161772016,
  "data_source": "f_data_financial",
  "revenue_yoy": 45.35944721353853,
  "debt_ratio": 34.90711947960297,
  "operating_margin": -0.19763422806689154,
  "net_margin": 1.4391791289186342,
  "roe": 2.124435407708119,
  "cached_at": "2025-06-09T16:15:40.145701"
}