{
  "ticker": "008600",
  "name": "윌비스",
  "market": "KOSPI",
  "quarter": "2025Q1",
  "year": 2025,
  "quarter_num": 1,
  "revenue": 48696239934,
  "operating_profit": -602376369,
  "net_income": -3611234215,
  "total_assets": 292953184892,
  "total_debt": 210344570554,
  "total_equity": 82608614338,
  "data_source": "f_data_financial",
  "revenue_yoy": 6.408923386094267,
  "debt_ratio": 254.62788867678827,
  "operating_margin": -1.2370079698482372,
  "net_margin": -7.41583789609722,
  "roe": -17.48599341092606,
  "cached_at": "2025-06-09T16:02:39.890428"
}