{
  "ticker": "009680",
  "name": "모토닉",
  "market": "KOSPI",
  "quarter": "2025Q1",
  "year": 2025,
  "quarter_num": 1,
  "revenue": 71388021712,
  "operating_profit": 4571623876,
  "net_income": 7214599747,
  "total_assets": 522237521635,
  "total_debt": 59802072497,
  "total_equity": 462435449138,
  "data_source": "f_data_financial",
  "revenue_yoy": -0.950002720349874,
  "operating_profit_yoy": -8.796656270345093,
  "net_income_yoy": -0.4474977172238326,
  "debt_ratio": 12.931982746667387,
  "operating_margin": 6.40390890007186,
  "net_margin": 10.106176882314779,
  "roe": 6.240524821743948,
  "cached_at": "2025-06-09T16:00:10.455166"
}