{
  "ticker": "009900",
  "name": "명신산업",
  "market": "KOSPI",
  "quarter": "2025Q1",
  "year": 2025,
  "quarter_num": 1,
  "revenue": 359636503847,
  "operating_profit": 30063949599,
  "net_income": 16738253095,
  "total_assets": 1190272070767,
  "total_debt": 483709308975,
  "total_equity": 706562761792,
  "data_source": "f_data_financial",
  "revenue_yoy": -10.456733258362261,
  "operating_profit_yoy": -31.810068976489504,
  "net_income_yoy": -56.38467303076082,
  "debt_ratio": 68.45949647108571,
  "operating_margin": 8.359537832619486,
  "net_margin": 4.65421416234236,
  "roe": 9.475876171310288,
  "cached_at": "2025-06-09T16:00:08.364173"
}