{
  "ticker": "011040",
  "name": "경동제약",
  "market": "KOSDAQ",
  "quarter": "2025Q1",
  "year": 2025,
  "quarter_num": 1,
  "revenue": 45812565675,
  "operating_profit": 1529815642,
  "net_income": 1625634374,
  "total_assets": 300123325554,
  "total_debt": 86135895768,
  "total_equity": 213987429786,
  "data_source": "f_data_financial",
  "revenue_yoy": 1.612595730818689,
  "net_income_yoy": 26.290572789253442,
  "debt_ratio": 40.252783004189055,
  "operating_margin": 3.339292657941712,
  "net_margin": 3.548446479798689,
  "roe": 3.0387474173146147,
  "cached_at": "2025-06-09T16:08:37.931265"
}