{
  "ticker": "011070",
  "name": "LG이노텍",
  "market": "KOSPI",
  "quarter": "2025Q1",
  "year": 2025,
  "quarter_num": 1,
  "revenue": 4982840000000,
  "operating_profit": 125117000000,
  "net_income": 85613000000,
  "total_assets": 10865130000000,
  "total_debt": 5490630000000,
  "total_equity": 5374500000000,
  "data_source": "f_data_financial",
  "revenue_yoy": 14.98212331703732,
  "operating_profit_yoy": -28.926140946841027,
  "net_income_yoy": -38.170381176606526,
  "debt_ratio": 102.16075914038515,
  "operating_margin": 2.510957606505527,
  "net_margin": 1.7181567138419056,
  "roe": 6.371792724904641,
  "cached_at": "2025-06-09T15:56:56.164131"
}