{
  "ticker": "011210",
  "name": "현대위아",
  "market": "KOSPI",
  "quarter": "2025Q1",
  "year": 2025,
  "quarter_num": 1,
  "revenue": 0,
  "operating_profit": 0,
  "net_income": 0,
  "total_assets": 7034812000000,
  "total_debt": 2967818000000,
  "total_equity": 4066994000000,
  "data_source": "f_data_financial",
  "revenue_yoy": -100.0,
  "operating_profit_yoy": -100.0,
  "net_income_yoy": -100.0,
  "debt_ratio": 72.97325739846187,
  "roe": 0.0,
  "cached_at": "2025-06-09T16:05:42.561236"
}