{
  "ticker": "012510",
  "name": "더존비즈온",
  "market": "KOSPI",
  "quarter": "2025Q1",
  "year": 2025,
  "quarter_num": 1,
  "revenue": 98601018252,
  "operating_profit": 21588489669,
  "net_income": 11998348192,
  "total_assets": 1042234722406,
  "total_debt": 493979292828,
  "total_equity": 548255429578,
  "data_source": "f_data_financial",
  "revenue_yoy": 4.436145838634897,
  "operating_profit_yoy": 19.173900289517153,
  "net_income_yoy": -67.19793881556183,
  "debt_ratio": 90.10020989818976,
  "operating_margin": 21.894793838563736,
  "net_margin": 12.168584467692988,
  "roe": 8.753838116102415,
  "cached_at": "2025-06-09T15:59:11.764061"
}