{
  "ticker": "012800",
  "name": "대창",
  "market": "KOSPI",
  "quarter": "2025Q1",
  "year": 2025,
  "quarter_num": 1,
  "revenue": 372447901418,
  "operating_profit": 14565658796,
  "net_income": 3880285016,
  "total_assets": 875527888295,
  "total_debt": 556340983406,
  "total_equity": 319186904889,
  "data_source": "f_data_financial",
  "revenue_yoy": 6.991178148662547,
  "operating_profit_yoy": 172.5661628424603,
  "debt_ratio": 174.2994386312535,
  "operating_margin": 3.9107909429869214,
  "net_margin": 1.0418329654233005,
  "roe": 4.862712043088864,
  "cached_at": "2025-06-09T15:59:01.468648"
}