{
  "ticker": "014280",
  "name": "금강공업",
  "market": "KOSPI",
  "quarter": "2025Q1",
  "year": 2025,
  "quarter_num": 1,
  "revenue": 197870760430,
  "operating_profit": 7062188138,
  "net_income": 2349679152,
  "total_assets": 1189515156017,
  "total_debt": 683282247790,
  "total_equity": 506232908227,
  "data_source": "f_data_financial",
  "revenue_yoy": -5.4577512971705655,
  "operating_profit_yoy": -48.233456827466625,
  "net_income_yoy": -71.69741787326001,
  "debt_ratio": 134.97388982140396,
  "operating_margin": 3.56909132135183,
  "net_margin": 1.1874817415639525,
  "roe": 1.8565992955530106,
  "cached_at": "2025-06-09T15:58:12.731181"
}