{
  "ticker": "014200",
  "name": "광림",
  "market": "KOSDAQ",
  "quarter": "2025Q1",
  "year": 2025,
  "quarter_num": 1,
  "revenue": 14342865625,
  "operating_profit": -862952376,
  "net_income": -732944646,
  "total_assets": 160308195031,
  "total_debt": 10668737650,
  "total_equity": 149639457381,
  "data_source": "f_data_financial",
  "revenue_yoy": -53.488750089411,
  "operating_profit_yoy": -154.67660106166542,
  "net_income_yoy": -168.73317797805524,
  "debt_ratio": 7.129628666613054,
  "operating_margin": -6.016596672953909,
  "net_margin": -5.110168812586919,
  "roe": -1.9592282913291645,
  "cached_at": "2025-06-09T16:08:49.957600"
}