{
  "ticker": "014680",
  "name": "한솔케미칼",
  "market": "KOSPI",
  "quarter": "2025Q1",
  "year": 2025,
  "quarter_num": 1,
  "revenue": 209572551800,
  "operating_profit": 41696010669,
  "net_income": 35543082072,
  "total_assets": 1602267472417,
  "total_debt": 516245708543,
  "total_equity": 1086021763874,
  "data_source": "f_data_financial",
  "revenue_yoy": 5.912484314786304,
  "operating_profit_yoy": 21.963071906924235,
  "net_income_yoy": 11.954104793018349,
  "debt_ratio": 47.53548462062817,
  "operating_margin": 19.89574031087405,
  "net_margin": 16.959798297402802,
  "roe": 13.091112261033361,
  "cached_at": "2025-06-09T16:05:08.797713"
}