{
  "ticker": "014830",
  "name": "유니드",
  "market": "KOSPI",
  "quarter": "2025Q1",
  "year": 2025,
  "quarter_num": 1,
  "revenue": 322506300009,
  "operating_profit": 28658805305,
  "net_income": 22301468655,
  "total_assets": 1378387694187,
  "total_debt": 355689631887,
  "total_equity": 1022698062300,
  "data_source": "f_data_financial",
  "revenue_yoy": 26.620613052550457,
  "operating_profit_yoy": 4.223442853028403,
  "net_income_yoy": 2.964642592658806,
  "debt_ratio": 34.779535133475335,
  "operating_margin": 8.88627766471546,
  "net_margin": 6.915048994198764,
  "roe": 8.722601313957727,
  "cached_at": "2025-06-09T16:02:40.982128"
}