{
  "ticker": "016590",
  "name": "신대양제지",
  "market": "KOSPI",
  "quarter": "2025Q1",
  "year": 2025,
  "quarter_num": 1,
  "revenue": 157279861715,
  "operating_profit": 5894159689,
  "net_income": 6494475504,
  "total_assets": 896235698906,
  "total_debt": 191347432075,
  "total_equity": 704888266831,
  "data_source": "f_data_financial",
  "revenue_yoy": 0.5689777204927138,
  "operating_profit_yoy": -42.28605374609374,
  "net_income_yoy": -53.449566125049955,
  "debt_ratio": 27.145781974106313,
  "operating_margin": 3.7475615916299256,
  "net_margin": 4.129247974396338,
  "roe": 3.6853928825897615,
  "cached_at": "2025-06-09T16:01:39.303413"
}