{
  "ticker": "016880",
  "name": "웅진",
  "market": "KOSPI",
  "quarter": "2025Q1",
  "year": 2025,
  "quarter_num": 1,
  "revenue": 233693012458,
  "operating_profit": -9158565430,
  "net_income": 74957142749,
  "total_assets": 1343185096824,
  "total_debt": 995588786744,
  "total_equity": 347596310080,
  "data_source": "f_data_financial",
  "revenue_yoy": -5.1702724102611,
  "operating_profit_yoy": -2907.7984500425605,
  "debt_ratio": 286.42098833410034,
  "operating_margin": -3.919058312300204,
  "net_margin": 32.07504664371235,
  "roe": 86.2576967307259,
  "cached_at": "2025-06-09T16:02:37.668838"
}