{
  "ticker": "017000",
  "name": "신원종합개발",
  "market": "KOSDAQ",
  "quarter": "2025Q1",
  "year": 2025,
  "quarter_num": 1,
  "revenue": 42221202206,
  "operating_profit": 2424928580,
  "net_income": 2227693453,
  "total_assets": 218325894868,
  "total_debt": 109113181061,
  "total_equity": 109212713807,
  "data_source": "f_data_financial",
  "revenue_yoy": -35.4347307300648,
  "operating_profit_yoy": -13.011174580374163,
  "net_income_yoy": -54.528882724185394,
  "debt_ratio": 99.90886340744551,
  "operating_margin": 5.743390650433437,
  "net_margin": 5.276243537857918,
  "roe": 8.159099340528304,
  "cached_at": "2025-06-09T16:19:37.686029"
}