{
  "ticker": "017650",
  "name": "대림제지",
  "market": "KOSDAQ",
  "quarter": "2025Q1",
  "year": 2025,
  "quarter_num": 1,
  "revenue": 41963711847,
  "operating_profit": 3812075603,
  "net_income": 3475329051,
  "total_assets": 321764905018,
  "total_debt": 45203004397,
  "total_equity": 276561900621,
  "data_source": "f_data_financial",
  "revenue_yoy": 2.1732212781649496,
  "operating_profit_yoy": -20.37238779955276,
  "net_income_yoy": -34.13105955300356,
  "debt_ratio": 16.34462458332109,
  "operating_margin": 9.084219281885396,
  "net_margin": 8.28174843939229,
  "roe": 5.0264755097450475,
  "cached_at": "2025-06-09T16:10:54.773822"
}