{
  "ticker": "017860",
  "name": "DS단석",
  "market": "KOSPI",
  "quarter": "2025Q1",
  "year": 2025,
  "quarter_num": 1,
  "revenue": 248115586701,
  "operating_profit": 8991400862,
  "net_income": 6307201650,
  "total_assets": 766602547805,
  "total_debt": 477660676969,
  "total_equity": 288941870836,
  "data_source": "f_data_financial",
  "revenue_yoy": 13.533574584524688,
  "operating_profit_yoy": 19.52864284485203,
  "net_income_yoy": 190.36954278642523,
  "debt_ratio": 165.31376210272916,
  "operating_margin": 3.6238758642903752,
  "net_margin": 2.542041688658885,
  "roe": 8.731447099378537,
  "cached_at": "2025-06-09T15:56:01.657182"
}