{
  "ticker": "017940",
  "name": "E1",
  "market": "KOSPI",
  "quarter": "2025Q1",
  "year": 2025,
  "quarter_num": 1,
  "revenue": 2765824636496,
  "operating_profit": 105229608624,
  "net_income": 63613539897,
  "total_assets": 14750321992566,
  "total_debt": 12527885015935,
  "total_equity": 2222436976631,
  "data_source": "f_data_financial",
  "revenue_yoy": 12.562032878593188,
  "operating_profit_yoy": -9.997045176265951,
  "net_income_yoy": 196.88001212787935,
  "debt_ratio": 563.7003500061479,
  "operating_margin": 3.8046377646456473,
  "net_margin": 2.2999845708797886,
  "roe": 11.449330724047254,
  "cached_at": "2025-06-09T15:56:02.687972"
}