{
  "ticker": "018290",
  "name": "브이티",
  "market": "KOSDAQ",
  "quarter": "2025Q1",
  "year": 2025,
  "quarter_num": 1,
  "revenue": 100449659941,
  "operating_profit": 29017313043,
  "net_income": 23338638273,
  "total_assets": 370696203736,
  "total_debt": 113065042745,
  "total_equity": 257631160991,
  "data_source": "f_data_financial",
  "revenue_yoy": -1.3267289659005699,
  "operating_profit_yoy": 21.08239975307138,
  "net_income_yoy": 27.098415964418997,
  "debt_ratio": 43.886400352381976,
  "operating_margin": 28.887417896729144,
  "net_margin": 23.234163546903154,
  "roe": 36.2357382285993,
  "cached_at": "2025-06-09T16:15:50.633804"
}