{
  "ticker": "019010",
  "name": "베뉴지",
  "market": "KOSDAQ",
  "quarter": "2025Q1",
  "year": 2025,
  "quarter_num": 1,
  "revenue": 9087998291,
  "operating_profit": 2140395146,
  "net_income": 11317359696,
  "total_assets": 635300754938,
  "total_debt": 278597620076,
  "total_equity": 356703134862,
  "data_source": "f_data_financial",
  "revenue_yoy": -35.43142380418017,
  "operating_profit_yoy": 41.99771611772516,
  "net_income_yoy": 5716.153901569629,
  "debt_ratio": 78.10349639449701,
  "operating_margin": 23.551887637563375,
  "net_margin": 124.53082993212901,
  "roe": 12.691068387025439,
  "cached_at": "2025-06-09T16:15:29.407479"
}