{
  "ticker": "019590",
  "name": "에스유앤피",
  "market": "KOSDAQ",
  "quarter": "2025Q1",
  "year": 2025,
  "quarter_num": 1,
  "revenue": 0,
  "operating_profit": -1451157113,
  "net_income": -1427275406,
  "total_assets": 24940136779,
  "total_debt": 5848889291,
  "total_equity": 19091247488,
  "data_source": "f_data_financial",
  "operating_profit_yoy": -102.82683089462878,
  "net_income_yoy": -102.7797179497987,
  "debt_ratio": 30.63649609422527,
  "roe": -29.904287960168734,
  "cached_at": "2025-06-09T16:22:43.030297"
}