{
  "ticker": "019990",
  "name": "에너토크",
  "market": "KOSDAQ",
  "quarter": "2025Q1",
  "year": 2025,
  "quarter_num": 1,
  "revenue": 4137699982,
  "operating_profit": -106318512,
  "net_income": -123310699,
  "total_assets": 44586290316,
  "total_debt": 3176936215,
  "total_equity": 41409354101,
  "data_source": "f_data_financial",
  "revenue_yoy": -33.56094894911962,
  "net_income_yoy": -209.78516160144403,
  "debt_ratio": 7.672025521700373,
  "operating_margin": -2.5695075153469644,
  "net_margin": -2.9801749652326532,
  "roe": -1.191138588631327,
  "cached_at": "2025-06-09T16:22:16.979552"
}