{
  "ticker": "021240",
  "name": "코웨이",
  "market": "KOSPI",
  "quarter": "2025Q1",
  "year": 2025,
  "quarter_num": 1,
  "revenue": 1174919203981,
  "operating_profit": 211244773596,
  "net_income": 138829519799,
  "total_assets": 6014453563216,
  "total_debt": 2863094229882,
  "total_equity": 3151359333334,
  "data_source": "f_data_financial",
  "revenue_yoy": 17.276681207179422,
  "operating_profit_yoy": 9.032613028643045,
  "net_income_yoy": 8.755243129949509,
  "debt_ratio": 90.85267426018892,
  "operating_margin": 17.979514921556778,
  "net_margin": 11.816090785528182,
  "roe": 17.62154107029419,
  "cached_at": "2025-06-09T16:04:11.064755"
}