{
  "ticker": "022100",
  "name": "포스코DX",
  "market": "KOSPI",
  "quarter": "2025Q1",
  "year": 2025,
  "quarter_num": 1,
  "revenue": 296780188932,
  "operating_profit": 22864493398,
  "net_income": 21667132393,
  "total_assets": 832440363000,
  "total_debt": 295386167015,
  "total_equity": 537054195985,
  "data_source": "f_data_financial",
  "revenue_yoy": -32.56783881566372,
  "operating_profit_yoy": -35.0134345278102,
  "net_income_yoy": -15.806243909436969,
  "debt_ratio": 55.001184093392716,
  "operating_margin": 7.704184528044372,
  "net_margin": 7.300734078973344,
  "roe": 16.13776230032856,
  "cached_at": "2025-06-09T16:04:33.863544"
}