{
  "ticker": "023000",
  "name": "삼원강재",
  "market": "KOSPI",
  "quarter": "2025Q1",
  "year": 2025,
  "quarter_num": 1,
  "revenue": 87782765999,
  "operating_profit": 1577353242,
  "net_income": 2404367072,
  "total_assets": 302758902967,
  "total_debt": 54193819469,
  "total_equity": 248565083498,
  "data_source": "f_data_financial",
  "revenue_yoy": -0.6948068969389043,
  "operating_profit_yoy": -45.88139528000386,
  "net_income_yoy": -37.66191811595533,
  "debt_ratio": 21.802667818964224,
  "operating_margin": 1.7968825931253622,
  "net_margin": 2.73899670924859,
  "roe": 3.869195203387198,
  "cached_at": "2025-06-09T16:01:05.027248"
}