{
  "ticker": "023450",
  "name": "동남합성",
  "market": "KOSPI",
  "quarter": "2025Q1",
  "year": 2025,
  "quarter_num": 1,
  "revenue": 52842366821,
  "operating_profit": 2992789876,
  "net_income": 2319525426,
  "total_assets": 111138428488,
  "total_debt": 58003883759,
  "total_equity": 53134544729,
  "data_source": "f_data_financial",
  "revenue_yoy": 13.688354574759432,
  "operating_profit_yoy": -5.80456309079278,
  "net_income_yoy": -4.846180891650476,
  "debt_ratio": 109.16416815996995,
  "operating_margin": 5.663618145905304,
  "net_margin": 4.389518421567372,
  "roe": 17.461524797701255,
  "cached_at": "2025-06-09T15:59:16.493232"
}