{
  "ticker": "023900",
  "name": "풍국주정",
  "market": "KOSDAQ",
  "quarter": "2025Q1",
  "year": 2025,
  "quarter_num": 1,
  "revenue": 40621018573,
  "operating_profit": 3920813628,
  "net_income": 3655591589,
  "total_assets": 219364093253,
  "total_debt": 31574448338,
  "total_equity": 187789644915,
  "data_source": "f_data_financial",
  "revenue_yoy": 3.363119084653854,
  "operating_profit_yoy": 62.130017767358666,
  "net_income_yoy": 67.97623907862962,
  "debt_ratio": 16.813732382470647,
  "operating_margin": 9.652179501491103,
  "net_margin": 8.999261262812846,
  "roe": 7.786566912471975,
  "cached_at": "2025-06-09T16:38:58.621494"
}