{
  "ticker": "024060",
  "name": "흥구석유",
  "market": "KOSDAQ",
  "quarter": "2025Q1",
  "year": 2025,
  "quarter_num": 1,
  "revenue": 29368591672,
  "operating_profit": -188407638,
  "net_income": 169342882,
  "total_assets": 92343724011,
  "total_debt": 13687862092,
  "total_equity": 78655861919,
  "data_source": "f_data_financial",
  "revenue_yoy": -3.9603536465362854,
  "net_income_yoy": 33.56619075273126,
  "debt_ratio": 17.402214861106973,
  "operating_margin": -0.641527656839016,
  "net_margin": 0.5766121981308739,
  "roe": 0.8611837839849227,
  "cached_at": "2025-06-09T16:42:10.988626"
}