{
  "ticker": "025000",
  "name": "KPX케미칼",
  "market": "KOSPI",
  "quarter": "2025Q1",
  "year": 2025,
  "quarter_num": 1,
  "revenue": 221261582769,
  "operating_profit": 10302169290,
  "net_income": 3533518950,
  "total_assets": 866128831553,
  "total_debt": 173233730546,
  "total_equity": 692895101007,
  "data_source": "f_data_financial",
  "revenue_yoy": 0.11868179435532422,
  "operating_profit_yoy": -31.215721606511128,
  "net_income_yoy": -80.13250608180184,
  "debt_ratio": 25.001436767879515,
  "operating_margin": 4.65610394767699,
  "net_margin": 1.596987107196571,
  "roe": 2.0398579495595555,
  "cached_at": "2025-06-09T15:56:45.693178"
}