{
  "ticker": "025540",
  "name": "한국단자",
  "market": "KOSPI",
  "quarter": "2025Q1",
  "year": 2025,
  "quarter_num": 1,
  "revenue": 357547522000,
  "operating_profit": 28674308000,
  "net_income": 27104400000,
  "total_assets": 1568469176000,
  "total_debt": 484965114000,
  "total_equity": 1083504062000,
  "data_source": "f_data_financial",
  "revenue_yoy": 1.5463724751111574,
  "operating_profit_yoy": -17.473200574981583,
  "net_income_yoy": -20.36933905096905,
  "debt_ratio": 44.75895670430814,
  "operating_margin": 8.019719403900666,
  "net_margin": 7.580642664893087,
  "roe": 10.0062015272814,
  "cached_at": "2025-06-09T16:04:48.887492"
}