{
  "ticker": "025560",
  "name": "미래산업",
  "market": "KOSPI",
  "quarter": "2025Q1",
  "year": 2025,
  "quarter_num": 1,
  "revenue": 4748774630,
  "operating_profit": 292221300,
  "net_income": 94401877,
  "total_assets": 139958243289,
  "total_debt": 32889439691,
  "total_equity": 107068803598,
  "data_source": "f_data_financial",
  "revenue_yoy": -8.015221242437997,
  "operating_profit_yoy": -85.6773125227966,
  "net_income_yoy": -96.72178980597586,
  "debt_ratio": 30.718041657107264,
  "operating_margin": 6.15361483263315,
  "net_margin": 1.987920765993479,
  "roe": 0.35267743293159726,
  "cached_at": "2025-06-09T16:00:14.341965"
}