{
  "ticker": "025620",
  "name": "제이준코스메틱",
  "market": "KOSPI",
  "quarter": "2025Q1",
  "year": 2025,
  "quarter_num": 1,
  "revenue": 1751001211,
  "operating_profit": -1904083264,
  "net_income": -2361864283,
  "total_assets": 38522751344,
  "total_debt": 11249614553,
  "total_equity": 27273136791,
  "data_source": "f_data_financial",
  "revenue_yoy": -70.75945230831469,
  "debt_ratio": 41.24796732846776,
  "operating_margin": -108.74254409639012,
  "net_margin": -134.88650197169966,
  "roe": -34.64015600551534,
  "cached_at": "2025-06-09T16:03:25.985240"
}