{
  "ticker": "025770",
  "name": "한국정보통신",
  "market": "KOSDAQ",
  "quarter": "2025Q1",
  "year": 2025,
  "quarter_num": 1,
  "revenue": 192398562000,
  "operating_profit": 10090782000,
  "net_income": 8559801000,
  "total_assets": 551741408000,
  "total_debt": 242795411000,
  "total_equity": 308945997000,
  "data_source": "f_data_financial",
  "revenue_yoy": -1.2141234381266242,
  "operating_profit_yoy": 10.624064317920112,
  "net_income_yoy": 18.375990246476714,
  "debt_ratio": 78.5883013075583,
  "operating_margin": 5.244728388354587,
  "net_margin": 4.448994270549694,
  "roe": 11.082585413786735,
  "cached_at": "2025-06-09T16:40:39.315117"
}