{
  "ticker": "025880",
  "name": "케이씨피드",
  "market": "KOSDAQ",
  "quarter": "2025Q1",
  "year": 2025,
  "quarter_num": 1,
  "revenue": 25380379542,
  "operating_profit": 2171791043,
  "net_income": 2142473366,
  "total_assets": 107841694982,
  "total_debt": 35307504728,
  "total_equity": 72534190254,
  "data_source": "f_data_financial",
  "revenue_yoy": -4.331125512701483,
  "operating_profit_yoy": -18.922806949619364,
  "net_income_yoy": -8.80349159654379,
  "debt_ratio": 48.677050925033136,
  "operating_margin": 8.55696834401579,
  "net_margin": 8.441455189645957,
  "roe": 11.814970890265645,
  "cached_at": "2025-06-09T16:35:26.639696"
}