{
  "ticker": "025890",
  "name": "한국주강",
  "market": "KOSPI",
  "quarter": "2025Q1",
  "year": 2025,
  "quarter_num": 1,
  "revenue": 9423764570,
  "operating_profit": 74361132,
  "net_income": 98221391,
  "total_assets": 40879832499,
  "total_debt": 7165983418,
  "total_equity": 33713849081,
  "data_source": "f_data_financial",
  "revenue_yoy": -19.251529171689608,
  "operating_profit_yoy": 19.952282430866664,
  "debt_ratio": 21.25531083912489,
  "operating_margin": 0.7890809606675052,
  "net_margin": 1.042273395843122,
  "roe": 1.1653536297681808,
  "cached_at": "2025-06-09T16:04:54.666443"
}