{
  "ticker": "025950",
  "name": "동신건설",
  "market": "KOSDAQ",
  "quarter": "2025Q1",
  "year": 2025,
  "quarter_num": 1,
  "revenue": 5967669530,
  "operating_profit": -1285371763,
  "net_income": -967727419,
  "total_assets": 109308401954,
  "total_debt": 13105349170,
  "total_equity": 96203052784,
  "data_source": "f_data_financial",
  "revenue_yoy": -54.63452601485335,
  "operating_profit_yoy": -1430.614533298646,
  "net_income_yoy": -275.73739816322666,
  "debt_ratio": 13.622591789706298,
  "operating_margin": -21.53892330227609,
  "net_margin": -16.21616971474625,
  "roe": -4.023686945456049,
  "cached_at": "2025-06-09T16:12:05.076045"
}