{
  "ticker": "026890",
  "name": "스틱인베스트먼트",
  "market": "KOSPI",
  "quarter": "2025Q1",
  "year": 2025,
  "quarter_num": 1,
  "revenue": 16559383951,
  "operating_profit": -5665657486,
  "net_income": -4565868792,
  "total_assets": 252134244743,
  "total_debt": 17339484472,
  "total_equity": 234794760271,
  "data_source": "f_data_financial",
  "revenue_yoy": -25.084183065244382,
  "operating_profit_yoy": -155.2705553264709,
  "net_income_yoy": -153.89664717856593,
  "debt_ratio": 7.384953757906171,
  "operating_margin": -34.214180326786,
  "net_margin": -27.572697181915835,
  "roe": -7.778484982765503,
  "cached_at": "2025-06-09T16:01:37.475416"
}