{
  "ticker": "027040",
  "name": "서울전자통신",
  "market": "KOSDAQ",
  "quarter": "2025Q1",
  "year": 2025,
  "quarter_num": 1,
  "revenue": 8819295102,
  "operating_profit": -186727638,
  "net_income": -4145899387,
  "total_assets": 49610881162,
  "total_debt": 41405809837,
  "total_equity": 8205071325,
  "data_source": "f_data_financial",
  "revenue_yoy": 17.772845841093666,
  "debt_ratio": 504.6368056648185,
  "operating_margin": -2.117262613852832,
  "net_margin": -47.00941899608067,
  "roe": -202.11399622415834,
  "cached_at": "2025-06-09T16:17:27.073303"
}