{
  "ticker": "027410",
  "name": "BGF",
  "market": "KOSPI",
  "quarter": "2025Q1",
  "year": 2025,
  "quarter_num": 1,
  "revenue": 105946989429,
  "operating_profit": 5151855801,
  "net_income": 4504671087,
  "total_assets": 2297336644743,
  "total_debt": 324916419599,
  "total_equity": 1972420225144,
  "data_source": "f_data_financial",
  "revenue_yoy": -10.627264348611797,
  "operating_profit_yoy": -54.49319547243776,
  "net_income_yoy": -60.84481109737623,
  "debt_ratio": 16.472981541003968,
  "operating_margin": 4.862673143206677,
  "net_margin": 4.251816036753729,
  "roe": 0.9135317169384893,
  "cached_at": "2025-06-09T15:55:42.584671"
}