{
  "ticker": "027970",
  "name": "한국제지",
  "market": "KOSPI",
  "quarter": "2025Q1",
  "year": 2025,
  "quarter_num": 1,
  "revenue": 199078867591,
  "operating_profit": 4169795836,
  "net_income": 3092999836,
  "total_assets": 759858635466,
  "total_debt": 315091551376,
  "total_equity": 444767084090,
  "data_source": "f_data_financial",
  "revenue_yoy": 1.0153476853815402,
  "operating_profit_yoy": -66.08948245066817,
  "net_income_yoy": -45.17265484480297,
  "debt_ratio": 70.84417049896621,
  "operating_margin": 2.0945446829478094,
  "net_margin": 1.553655530306939,
  "roe": 2.781680521460641,
  "cached_at": "2025-06-09T16:04:53.609850"
}