{
  "ticker": "028300",
  "name": "HLB",
  "market": "KOSDAQ",
  "quarter": "2025Q1",
  "year": 2025,
  "quarter_num": 1,
  "revenue": 17664112433,
  "operating_profit": -28757003139,
  "net_income": -68924904476,
  "total_assets": 834309409550,
  "total_debt": 240951140205,
  "total_equity": 593358269345,
  "data_source": "f_data_financial",
  "revenue_yoy": 58.3653773475437,
  "net_income_yoy": -343.5195522186582,
  "debt_ratio": 40.60803609781703,
  "operating_margin": -162.79902682954125,
  "net_margin": -390.19738318260966,
  "roe": -46.464274983197086,
  "cached_at": "2025-06-09T16:06:46.284987"
}