{
  "ticker": "030190",
  "name": "NICE평가정보",
  "market": "KOSPI",
  "quarter": "2025Q1",
  "year": 2025,
  "quarter_num": 1,
  "revenue": 142177516584,
  "operating_profit": 24972262489,
  "net_income": 19491956988,
  "total_assets": 576583563582,
  "total_debt": 167561262124,
  "total_equity": 409022301458,
  "data_source": "f_data_financial",
  "revenue_yoy": 15.780771941133143,
  "operating_profit_yoy": 43.24433833023713,
  "net_income_yoy": 10.579734289794818,
  "debt_ratio": 40.96628998631896,
  "operating_margin": 17.564143114179462,
  "net_margin": 13.709591682510464,
  "roe": 19.061999229400463,
  "cached_at": "2025-06-09T15:57:15.601584"
}