{
  "ticker": "030520",
  "name": "한글과컴퓨터",
  "market": "KOSDAQ",
  "quarter": "2025Q1",
  "year": 2025,
  "quarter_num": 1,
  "revenue": 60916029320,
  "operating_profit": 8385626821,
  "net_income": 6517567944,
  "total_assets": 678830387719,
  "total_debt": 196315319660,
  "total_equity": 482515068059,
  "data_source": "f_data_financial",
  "revenue_yoy": 11.536638599496873,
  "operating_profit_yoy": 31.73580438267485,
  "net_income_yoy": 8.569147150794375,
  "debt_ratio": 40.685842299124914,
  "operating_margin": 13.76587889034787,
  "net_margin": 10.699265885769325,
  "roe": 5.402996404002917,
  "cached_at": "2025-06-09T16:40:52.880899"
}