{
  "ticker": "032080",
  "name": "아즈텍WB",
  "market": "KOSDAQ",
  "quarter": "2025Q1",
  "year": 2025,
  "quarter_num": 1,
  "revenue": 6204494080,
  "operating_profit": -188759823,
  "net_income": 414932589,
  "total_assets": 118728358294,
  "total_debt": 12062036667,
  "total_equity": 106666321627,
  "data_source": "f_data_financial",
  "revenue_yoy": -27.457947744613385,
  "operating_profit_yoy": -151.00735210221177,
  "net_income_yoy": 92.62118849655967,
  "debt_ratio": 11.308195954464026,
  "operating_margin": -3.042308052294894,
  "net_margin": 6.687613585409369,
  "roe": 1.5560022420233899,
  "cached_at": "2025-06-09T16:21:35.858297"
}