{
  "ticker": "032580",
  "name": "피델릭스",
  "market": "KOSDAQ",
  "quarter": "2025Q1",
  "year": 2025,
  "quarter_num": 1,
  "revenue": 10879557541,
  "operating_profit": -624412172,
  "net_income": -767150078,
  "total_assets": 55006088394,
  "total_debt": 8222612320,
  "total_equity": 46783476074,
  "data_source": "f_data_financial",
  "revenue_yoy": 12.562213001112156,
  "debt_ratio": 17.575890057835466,
  "operating_margin": -5.739315865069701,
  "net_margin": -7.0512985028018615,
  "roe": -6.559154149097912,
  "cached_at": "2025-06-09T16:39:23.626473"
}