{
  "ticker": "032620",
  "name": "유비케어",
  "market": "KOSDAQ",
  "quarter": "2025Q1",
  "year": 2025,
  "quarter_num": 1,
  "revenue": 45306278523,
  "operating_profit": 429559627,
  "net_income": 2314286652,
  "total_assets": 162164026279,
  "total_debt": 53483358926,
  "total_equity": 108680667353,
  "data_source": "f_data_financial",
  "revenue_yoy": -0.42459243104628897,
  "operating_profit_yoy": 353.8124153194763,
  "debt_ratio": 49.211474523139884,
  "operating_margin": 0.9481238384696098,
  "net_margin": 5.108092581087053,
  "roe": 8.517749139257994,
  "cached_at": "2025-06-09T16:31:18.165859"
}