{
  "ticker": "032850",
  "name": "비트컴퓨터",
  "market": "KOSDAQ",
  "quarter": "2025Q1",
  "year": 2025,
  "quarter_num": 1,
  "revenue": 8594683779,
  "operating_profit": 1489892887,
  "net_income": 1587241078,
  "total_assets": 78122210375,
  "total_debt": 8358978802,
  "total_equity": 69763231573,
  "data_source": "f_data_financial",
  "revenue_yoy": -9.196376552236817,
  "operating_profit_yoy": -7.506510973015812,
  "net_income_yoy": -20.21177224172186,
  "debt_ratio": 11.981926028259162,
  "operating_margin": 17.3350518216896,
  "net_margin": 18.467707699476023,
  "roe": 9.100731386499012,
  "cached_at": "2025-06-09T16:16:21.554494"
}