{
  "ticker": "033130",
  "name": "디지틀조선",
  "market": "KOSDAQ",
  "quarter": "2025Q1",
  "year": 2025,
  "quarter_num": 1,
  "revenue": 8216848515,
  "operating_profit": -1013443809,
  "net_income": -404286830,
  "total_assets": 104367620788,
  "total_debt": 17921087147,
  "total_equity": 86446533641,
  "data_source": "f_data_financial",
  "revenue_yoy": -3.1716776072701736,
  "net_income_yoy": -187.68194498674217,
  "debt_ratio": 20.730833721365503,
  "operating_margin": -12.333728766569575,
  "net_margin": -4.920217638939885,
  "roe": -1.8706907632824004,
  "cached_at": "2025-06-09T16:12:53.350650"
}