{
  "ticker": "033180",
  "name": "KH 필룩스",
  "market": "KOSPI",
  "quarter": "2025Q1",
  "year": 2025,
  "quarter_num": 1,
  "revenue": 39607122515,
  "operating_profit": -1457486486,
  "net_income": -9401915144,
  "total_assets": 960495437797,
  "total_debt": 510333452961,
  "total_equity": 450161984836,
  "data_source": "f_data_financial",
  "revenue_yoy": 0.8144476914984322,
  "debt_ratio": 113.36662582623924,
  "operating_margin": -3.679859564269081,
  "net_margin": -23.737940418265197,
  "roe": -8.354250657060918,
  "cached_at": "2025-06-09T15:56:44.647592"
}