{
  "ticker": "033830",
  "name": "티비씨",
  "market": "KOSDAQ",
  "quarter": "2025Q1",
  "year": 2025,
  "quarter_num": 1,
  "revenue": 9674656072,
  "operating_profit": 189047449,
  "net_income": 811299384,
  "total_assets": 136107908570,
  "total_debt": 8168138670,
  "total_equity": 127939769900,
  "data_source": "f_data_financial",
  "revenue_yoy": 2.2910181716425226,
  "net_income_yoy": 67.34563101541274,
  "debt_ratio": 6.3843624827404035,
  "operating_margin": 1.9540482637634378,
  "net_margin": 8.385821448971505,
  "roe": 2.5365041210692376,
  "cached_at": "2025-06-09T16:37:37.767371"
}