{
  "ticker": "035000",
  "name": "HS애드",
  "market": "KOSPI",
  "quarter": "2025Q1",
  "year": 2025,
  "quarter_num": 1,
  "revenue": 80767666320,
  "operating_profit": -9518634803,
  "net_income": -7799089476,
  "total_assets": 416272186584,
  "total_debt": 229600955393,
  "total_equity": 186671231191,
  "data_source": "f_data_financial",
  "revenue_yoy": -6.411775267079756,
  "debt_ratio": 122.9975041832101,
  "operating_margin": -11.785204694769,
  "net_margin": -9.656202576288575,
  "roe": -16.711925937896783,
  "cached_at": "2025-06-09T15:56:23.678866"
}