{
  "ticker": "036000",
  "name": "예림당",
  "market": "KOSDAQ",
  "quarter": "2025Q1",
  "year": 2025,
  "quarter_num": 1,
  "revenue": 2742222798,
  "operating_profit": -144169899,
  "net_income": -13948092105,
  "total_assets": 405672914680,
  "total_debt": 242145682892,
  "total_equity": 163527231788,
  "data_source": "f_data_financial",
  "revenue_yoy": -27.737587325222325,
  "net_income_yoy": -266.2767078231306,
  "debt_ratio": 148.07667215080272,
  "operating_margin": -5.257410123829041,
  "net_margin": -508.6418257179116,
  "roe": -34.1180901859394,
  "cached_at": "2025-06-09T16:25:06.167753"
}