{
  "ticker": "036670",
  "name": "삼양케이씨아이",
  "market": "KOSDAQ",
  "quarter": "2025Q1",
  "year": 2025,
  "quarter_num": 1,
  "revenue": 28298761529,
  "operating_profit": 4086994561,
  "net_income": 3412325020,
  "total_assets": 146651135983,
  "total_debt": 27370825760,
  "total_equity": 119280310223,
  "data_source": "f_data_financial",
  "revenue_yoy": 0.7954800083837643,
  "operating_profit_yoy": 23.016221347779165,
  "net_income_yoy": 7.708392785891149,
  "debt_ratio": 22.94664199718209,
  "operating_margin": 14.442308921582065,
  "net_margin": 12.058213277295255,
  "roe": 11.443045423408112,
  "cached_at": "2025-06-09T16:16:47.288320"
}