{
  "ticker": "037030",
  "name": "파워넷",
  "market": "KOSDAQ",
  "quarter": "2025Q1",
  "year": 2025,
  "quarter_num": 1,
  "revenue": 105993135270,
  "operating_profit": 4418724165,
  "net_income": 3413966766,
  "total_assets": 498293030887,
  "total_debt": 237240017804,
  "total_equity": 261053013083,
  "data_source": "f_data_financial",
  "revenue_yoy": 97.84512352122603,
  "operating_profit_yoy": 70.00354545500926,
  "net_income_yoy": -48.03231137746391,
  "debt_ratio": 90.87809981667256,
  "operating_margin": 4.1688776860350725,
  "net_margin": 3.220931956870116,
  "roe": 5.231070464472368,
  "cached_at": "2025-06-09T16:38:09.182442"
}