{
  "ticker": "038060",
  "name": "루멘스",
  "market": "KOSDAQ",
  "quarter": "2025Q1",
  "year": 2025,
  "quarter_num": 1,
  "revenue": 47903579292,
  "operating_profit": 845041712,
  "net_income": 695181257,
  "total_assets": 178285724664,
  "total_debt": 65827003714,
  "total_equity": 112458720950,
  "data_source": "f_data_financial",
  "revenue_yoy": 22.244420507242957,
  "operating_profit_yoy": -32.33752863826874,
  "net_income_yoy": -78.01903926996003,
  "debt_ratio": 58.53436990739668,
  "operating_margin": 1.764047122343369,
  "net_margin": 1.4512094237519673,
  "roe": 2.47266286199034,
  "cached_at": "2025-06-09T16:13:35.201622"
}