{
  "ticker": "038110",
  "name": "에코플라스틱",
  "market": "KOSDAQ",
  "quarter": "2025Q1",
  "year": 2025,
  "quarter_num": 1,
  "revenue": 605937334357,
  "operating_profit": 19724240177,
  "net_income": 12616819273,
  "total_assets": 1557905634001,
  "total_debt": 1193538573019,
  "total_equity": 364367060982,
  "data_source": "f_data_financial",
  "revenue_yoy": 7.692987506020765,
  "operating_profit_yoy": 3.3630604705260136,
  "net_income_yoy": 32.15071296505818,
  "debt_ratio": 327.5648928863967,
  "operating_margin": 3.2551617236014496,
  "net_margin": 2.0821986957427763,
  "roe": 13.850669420003669,
  "cached_at": "2025-06-09T16:23:54.039556"
}