{
  "ticker": "038620",
  "name": "위즈코프",
  "market": "KOSDAQ",
  "quarter": "2025Q1",
  "year": 2025,
  "quarter_num": 1,
  "revenue": 25150673989,
  "operating_profit": 517884962,
  "net_income": 561317122,
  "total_assets": 112480006218,
  "total_debt": 22074063686,
  "total_equity": 90405942532,
  "data_source": "f_data_financial",
  "revenue_yoy": 9.545571885534843,
  "operating_profit_yoy": -38.86014724068087,
  "net_income_yoy": 21.62402982470859,
  "debt_ratio": 24.41660699260636,
  "operating_margin": 2.0591295574285775,
  "net_margin": 2.2318174146963217,
  "roe": 2.483540821672499,
  "cached_at": "2025-06-09T16:30:55.147957"
}