{
  "ticker": "039030",
  "name": "이오테크닉스",
  "market": "KOSDAQ",
  "quarter": "2025Q1",
  "year": 2025,
  "quarter_num": 1,
  "revenue": 84824768259,
  "operating_profit": 14482418569,
  "net_income": 14461318440,
  "total_assets": 682383107606,
  "total_debt": 70690156882,
  "total_equity": 611692950724,
  "data_source": "f_data_financial",
  "revenue_yoy": 16.45356440384951,
  "operating_profit_yoy": 160.97724664762637,
  "net_income_yoy": 38.138350274157396,
  "debt_ratio": 11.556477281343703,
  "operating_margin": 17.07333702908572,
  "net_margin": 17.048462066933663,
  "roe": 9.456586624307883,
  "cached_at": "2025-06-09T16:32:34.706485"
}