{
  "ticker": "039340",
  "name": "한국경제TV",
  "market": "KOSDAQ",
  "quarter": "2025Q1",
  "year": 2025,
  "quarter_num": 1,
  "revenue": 0,
  "operating_profit": -895832076,
  "net_income": -244205978,
  "total_assets": 169457977980,
  "total_debt": 24241523992,
  "total_equity": 145216453988,
  "data_source": "f_data_financial",
  "operating_profit_yoy": -177.6853361930041,
  "net_income_yoy": -112.73632346383837,
  "debt_ratio": 16.693372773035215,
  "roe": -0.6726675147161493,
  "cached_at": "2025-06-09T16:40:26.022898"
}