{
  "ticker": "039420",
  "name": "케이엘넷",
  "market": "KOSDAQ",
  "quarter": "2025Q1",
  "year": 2025,
  "quarter_num": 1,
  "revenue": 11414966901,
  "operating_profit": 2436772283,
  "net_income": 2837407073,
  "total_assets": 68375916488,
  "total_debt": 8782849716,
  "total_equity": 59593066772,
  "data_source": "f_data_financial",
  "revenue_yoy": 5.000765243932648,
  "operating_profit_yoy": 32.02942021064226,
  "net_income_yoy": 34.706469874187064,
  "debt_ratio": 14.738039493088568,
  "operating_margin": 21.347169064384484,
  "net_margin": 24.856901448846347,
  "roe": 19.04521600712897,
  "cached_at": "2025-06-09T16:35:35.090336"
}