{
  "ticker": "039560",
  "name": "다산네트웍스",
  "market": "KOSDAQ",
  "quarter": "2025Q1",
  "year": 2025,
  "quarter_num": 1,
  "revenue": 114958845438,
  "operating_profit": 8078142994,
  "net_income": 8545509525,
  "total_assets": 622910187931,
  "total_debt": 291272717817,
  "total_equity": 331637470114,
  "data_source": "f_data_financial",
  "revenue_yoy": 262.10101579306524,
  "operating_profit_yoy": 1695.8197879035656,
  "debt_ratio": 87.82865148406643,
  "operating_margin": 7.026986886673921,
  "net_margin": 7.433538056546326,
  "roe": 10.307049468279313,
  "cached_at": "2025-06-09T16:10:44.266155"
}