{
  "ticker": "039840",
  "name": "디오",
  "market": "KOSDAQ",
  "quarter": "2025Q1",
  "year": 2025,
  "quarter_num": 1,
  "revenue": 35805324096,
  "operating_profit": 1518096793,
  "net_income": 116086057,
  "total_assets": 341986125087,
  "total_debt": 138252005077,
  "total_equity": 203734120010,
  "data_source": "f_data_financial",
  "revenue_yoy": 2.4076320903148263,
  "operating_profit_yoy": -73.09639210769177,
  "net_income_yoy": -97.24030201713283,
  "debt_ratio": 67.85903366123166,
  "operating_margin": 4.239863292201269,
  "net_margin": 0.32421451259246825,
  "roe": 0.22791677112169936,
  "cached_at": "2025-06-09T16:12:44.099069"
}