{
  "ticker": "041020",
  "name": "폴라리스오피스",
  "market": "KOSDAQ",
  "quarter": "2025Q1",
  "year": 2025,
  "quarter_num": 1,
  "revenue": 0,
  "operating_profit": 2015150999,
  "net_income": 2396888017,
  "total_assets": 525651843284,
  "total_debt": 88566790543,
  "total_equity": 437085052742,
  "data_source": "f_data_financial",
  "operating_profit_yoy": 15.147213958698625,
  "net_income_yoy": -49.64699761813961,
  "debt_ratio": 20.26305635193585,
  "roe": 2.193520919522106,
  "cached_at": "2025-06-09T16:38:50.165943"
}