{
  "ticker": "042500",
  "name": "링네트",
  "market": "KOSDAQ",
  "quarter": "2025Q1",
  "year": 2025,
  "quarter_num": 1,
  "revenue": 25815261820,
  "operating_profit": 960428716,
  "net_income": 1684532674,
  "total_assets": 143043016612,
  "total_debt": 38285183560,
  "total_equity": 104757833052,
  "data_source": "f_data_financial",
  "revenue_yoy": -30.938403301759333,
  "operating_profit_yoy": -65.40263367753731,
  "net_income_yoy": -42.64160490537541,
  "debt_ratio": 36.54636836655059,
  "operating_margin": 3.7203911496102733,
  "net_margin": 6.525336391106956,
  "roe": 6.432102020147082,
  "cached_at": "2025-06-09T16:13:45.698275"
}