{
  "ticker": "043220",
  "name": "티에스넥스젠",
  "market": "KOSDAQ",
  "quarter": "2025Q1",
  "year": 2025,
  "quarter_num": 1,
  "revenue": 4307417892,
  "operating_profit": -1775689939,
  "net_income": -7019138271,
  "total_assets": 121097790676,
  "total_debt": 61998273244,
  "total_equity": 59099517432,
  "data_source": "f_data_financial",
  "revenue_yoy": -3.319108292043227,
  "debt_ratio": 104.90487221885579,
  "operating_margin": -41.223999702882786,
  "net_margin": -162.95466209666753,
  "roe": -47.50724592007867,
  "cached_at": "2025-06-09T16:37:45.142394"
}