{
  "ticker": "043360",
  "name": "디지아이",
  "market": "KOSDAQ",
  "quarter": "2025Q1",
  "year": 2025,
  "quarter_num": 1,
  "revenue": 4835044383,
  "operating_profit": -313313717,
  "net_income": -233770848,
  "total_assets": 44868159371,
  "total_debt": 4150909624,
  "total_equity": 40717249747,
  "data_source": "f_data_financial",
  "revenue_yoy": -26.56382495546924,
  "debt_ratio": 10.194474454419247,
  "operating_margin": -6.480058758128673,
  "net_margin": -4.834926620775965,
  "roe": -2.296528861379926,
  "cached_at": "2025-06-09T16:12:50.120178"
}