{
  "ticker": "043710",
  "name": "서울리거",
  "market": "KOSDAQ",
  "quarter": "2025Q1",
  "year": 2025,
  "quarter_num": 1,
  "revenue": 4893685900,
  "operating_profit": -1282866072,
  "net_income": -1503123554,
  "total_assets": 126897642556,
  "total_debt": 46754175259,
  "total_equity": 80143467297,
  "data_source": "f_data_financial",
  "revenue_yoy": 12.793889423162152,
  "debt_ratio": 58.338098956632166,
  "operating_margin": -26.214720319503954,
  "net_margin": -30.715570731664656,
  "roe": -7.50216383041998,
  "cached_at": "2025-06-09T16:17:22.844292"
}