{
  "ticker": "044340",
  "name": "위닉스",
  "market": "KOSDAQ",
  "quarter": "2025Q1",
  "year": 2025,
  "quarter_num": 1,
  "revenue": 93102504143,
  "operating_profit": -5355254743,
  "net_income": 48649397417,
  "total_assets": 398338863383,
  "total_debt": 185087217628,
  "total_equity": 213251645755,
  "data_source": "f_data_financial",
  "revenue_yoy": -1.5653779622438413,
  "operating_profit_yoy": -387.88426444717135,
  "net_income_yoy": 2982.580725043461,
  "debt_ratio": 86.79286716532192,
  "operating_margin": -5.751998608731986,
  "net_margin": 52.25358637215318,
  "roe": 91.25256172304938,
  "cached_at": "2025-06-09T16:30:48.798898"
}