{
  "ticker": "044480",
  "name": "빌리언스",
  "market": "KOSDAQ",
  "quarter": "2025Q1",
  "year": 2025,
  "quarter_num": 1,
  "revenue": 4793041574,
  "operating_profit": -599193157,
  "net_income": -1686671638,
  "total_assets": 43004562559,
  "total_debt": 23577366212,
  "total_equity": 19427196347,
  "data_source": "f_data_financial",
  "revenue_yoy": -83.06136731191835,
  "debt_ratio": 121.36268039335938,
  "operating_margin": -12.501313576129643,
  "net_margin": -35.19000642826471,
  "roe": -34.72805046849615,
  "cached_at": "2025-06-09T16:16:25.787188"
}