{
  "ticker": "045390",
  "name": "대아티아이",
  "market": "KOSDAQ",
  "quarter": "2025Q1",
  "year": 2025,
  "quarter_num": 1,
  "revenue": 39459749780,
  "operating_profit": 1585303959,
  "net_income": 4451954792,
  "total_assets": 272625211010,
  "total_debt": 134629767379,
  "total_equity": 137995443631,
  "data_source": "f_data_financial",
  "revenue_yoy": 51.57165372201216,
  "operating_profit_yoy": 59.39192551538708,
  "net_income_yoy": 159.16227173364214,
  "debt_ratio": 97.56102363712832,
  "operating_margin": 4.017521570305305,
  "net_margin": 11.282268176612853,
  "roe": 12.904642863149984,
  "cached_at": "2025-06-09T16:11:14.715445"
}