{
  "ticker": "046120",
  "name": "오르비텍",
  "market": "KOSDAQ",
  "quarter": "2025Q1",
  "year": 2025,
  "quarter_num": 1,
  "revenue": 13748869922,
  "operating_profit": -3107438492,
  "net_income": 6882384418,
  "total_assets": 106299011519,
  "total_debt": 41551971359,
  "total_equity": 64747040160,
  "data_source": "f_data_financial",
  "revenue_yoy": -19.322268257651455,
  "operating_profit_yoy": -508.20263644589005,
  "net_income_yoy": 1194.2744533997725,
  "debt_ratio": 64.1758623348938,
  "operating_margin": -22.601410222288084,
  "net_margin": 50.057818984724555,
  "roe": 42.51860409984801,
  "cached_at": "2025-06-09T16:25:47.973323"
}