{
  "ticker": "046390",
  "name": "삼화네트웍스",
  "market": "KOSDAQ",
  "quarter": "2025Q1",
  "year": 2025,
  "quarter_num": 1,
  "revenue": 654242612,
  "operating_profit": -1393545566,
  "net_income": -1256645594,
  "total_assets": 75336180164,
  "total_debt": 17749909640,
  "total_equity": 57586270524,
  "data_source": "f_data_financial",
  "revenue_yoy": -96.50450122735897,
  "operating_profit_yoy": -192.45616693781247,
  "net_income_yoy": -175.99004827960124,
  "debt_ratio": 30.82316232408633,
  "operating_margin": -213.00134543972504,
  "net_margin": -192.07639046293122,
  "roe": -8.728786098250781,
  "cached_at": "2025-06-09T16:17:01.965975"
}