{
  "ticker": "047050",
  "name": "포스코인터내셔널",
  "market": "KOSPI",
  "quarter": "2025Q1",
  "year": 2025,
  "quarter_num": 1,
  "revenue": 8153705443000,
  "operating_profit": 270166466000,
  "net_income": 203776439000,
  "total_assets": 17328145781000,
  "total_debt": 10001258535000,
  "total_equity": 7326887246000,
  "data_source": "f_data_financial",
  "revenue_yoy": 5.0664849589430405,
  "operating_profit_yoy": 1.7940957062167362,
  "net_income_yoy": 11.447573850894898,
  "debt_ratio": 136.50078401929866,
  "operating_margin": 3.3134194985169514,
  "net_margin": 2.499188135069843,
  "roe": 11.12485737302692,
  "cached_at": "2025-06-09T16:04:34.920574"
}