{
  "ticker": "048770",
  "name": "TPC",
  "market": "KOSDAQ",
  "quarter": "2025Q1",
  "year": 2025,
  "quarter_num": 1,
  "revenue": 20035022033,
  "operating_profit": -1625309793,
  "net_income": -1726767403,
  "total_assets": 112117198498,
  "total_debt": 71808920350,
  "total_equity": 40308278148,
  "data_source": "f_data_financial",
  "revenue_yoy": -7.988782499405178,
  "operating_profit_yoy": -583.3020096363292,
  "debt_ratio": 178.14931237285555,
  "operating_margin": -8.112343427039544,
  "net_margin": -8.618744716905297,
  "roe": -17.135610671930205,
  "cached_at": "2025-06-09T16:08:19.577795"
}