{
  "ticker": "049180",
  "name": "셀루메드",
  "market": "KOSDAQ",
  "quarter": "2025Q1",
  "year": 2025,
  "quarter_num": 1,
  "revenue": 39249508055,
  "operating_profit": -1622812294,
  "net_income": -1380480938,
  "total_assets": 75038188485,
  "total_debt": 62356925977,
  "total_equity": 12681262508,
  "data_source": "f_data_financial",
  "revenue_yoy": 49.40099882225002,
  "debt_ratio": 491.7249046588383,
  "operating_margin": -4.134605436903736,
  "net_margin": -3.517192969821542,
  "roe": -43.543959038120086,
  "cached_at": "2025-06-09T16:18:19.595091"
}