{
  "ticker": "049950",
  "name": "미래컴퍼니",
  "market": "KOSDAQ",
  "quarter": "2025Q1",
  "year": 2025,
  "quarter_num": 1,
  "revenue": 12630114899,
  "operating_profit": -6617036625,
  "net_income": -5055045160,
  "total_assets": 141074941605,
  "total_debt": 20114271602,
  "total_equity": 120960670003,
  "data_source": "f_data_financial",
  "revenue_yoy": 80.0938190457718,
  "debt_ratio": 16.628769997306676,
  "operating_margin": -52.390945592457825,
  "net_margin": -40.023746422134586,
  "roe": -16.716326587392835,
  "cached_at": "2025-06-09T16:14:53.572562"
}