{
  "ticker": "050090",
  "name": "비케이홀딩스",
  "market": "KOSDAQ",
  "quarter": "2025Q1",
  "year": 2025,
  "quarter_num": 1,
  "revenue": 772418592,
  "operating_profit": -1144046745,
  "net_income": -1140945032,
  "total_assets": 16667992221,
  "total_debt": 2753272947,
  "total_equity": 13914719274,
  "data_source": "f_data_financial",
  "revenue_yoy": -5.666606942755714,
  "debt_ratio": 19.786766033753615,
  "operating_margin": -148.11227446477622,
  "net_margin": -147.7107159015665,
  "roe": -32.79821919603895,
  "cached_at": "2025-06-09T16:16:17.364779"
}