{
  "ticker": "050120",
  "name": "ES큐브",
  "market": "KOSDAQ",
  "quarter": "2025Q1",
  "year": 2025,
  "quarter_num": 1,
  "revenue": 4100933266,
  "operating_profit": -711007369,
  "net_income": -1539750627,
  "total_assets": 90691042833,
  "total_debt": 4585417774,
  "total_equity": 86105625059,
  "data_source": "f_data_financial",
  "revenue_yoy": -47.7662584733608,
  "operating_profit_yoy": -215.07295903621042,
  "debt_ratio": 5.325340558015866,
  "operating_margin": -17.33769663834369,
  "net_margin": -37.54634682221625,
  "roe": -7.152845709882276,
  "cached_at": "2025-06-09T16:06:35.782267"
}