{
  "ticker": "051490",
  "name": "나라엠앤디",
  "market": "KOSDAQ",
  "quarter": "2025Q1",
  "year": 2025,
  "quarter_num": 1,
  "revenue": 42341953104,
  "operating_profit": 1331710664,
  "net_income": 640671745,
  "total_assets": 251951234494,
  "total_debt": 145926945566,
  "total_equity": 106024288928,
  "data_source": "f_data_financial",
  "revenue_yoy": -14.38462705973993,
  "operating_profit_yoy": -40.374200693390605,
  "net_income_yoy": -69.4104698016222,
  "debt_ratio": 137.63539189128397,
  "operating_margin": 3.1451328207016385,
  "net_margin": 1.5130897326025248,
  "roe": 2.417075375756865,
  "cached_at": "2025-06-09T16:09:38.505518"
}