{
  "ticker": "051630",
  "name": "진양화학",
  "market": "KOSPI",
  "quarter": "2025Q1",
  "year": 2025,
  "quarter_num": 1,
  "revenue": 5089750809,
  "operating_profit": -175196739,
  "net_income": -1264059665,
  "total_assets": 80085855091,
  "total_debt": 42498126580,
  "total_equity": 37587728511,
  "data_source": "f_data_financial",
  "revenue_yoy": -25.110568873509177,
  "debt_ratio": 113.06383296762128,
  "operating_margin": -3.4421476723419686,
  "net_margin": -24.835393960050354,
  "roe": -13.451833511355439,
  "cached_at": "2025-06-09T16:03:43.068616"
}