{
  "ticker": "052300",
  "name": "오션인더블유",
  "market": "KOSDAQ",
  "quarter": "2025Q1",
  "year": 2025,
  "quarter_num": 1,
  "revenue": 1385358824,
  "operating_profit": -603936081,
  "net_income": 955770596,
  "total_assets": 397569684254,
  "total_debt": 110259342090,
  "total_equity": 287310342164,
  "data_source": "f_data_financial",
  "revenue_yoy": -33.284934402231826,
  "net_income_yoy": -96.49258952753996,
  "debt_ratio": 38.376391625701636,
  "operating_margin": -43.59419888460609,
  "net_margin": 68.99083323700691,
  "roe": 1.330645585259768,
  "cached_at": "2025-06-09T16:25:57.470604"
}