{
  "ticker": "052900",
  "name": "KX하이텍",
  "market": "KOSDAQ",
  "quarter": "2025Q1",
  "year": 2025,
  "quarter_num": 1,
  "revenue": 26313607198,
  "operating_profit": 1659127708,
  "net_income": 753161407,
  "total_assets": 209851841623,
  "total_debt": 80795508876,
  "total_equity": 129056332747,
  "data_source": "f_data_financial",
  "revenue_yoy": -18.418928303027727,
  "operating_profit_yoy": -31.623228491076325,
  "net_income_yoy": -30.394337310261466,
  "debt_ratio": 62.60483864390463,
  "operating_margin": 6.30520815909308,
  "net_margin": 2.862250702964225,
  "roe": 2.334364818738452,
  "cached_at": "2025-06-09T16:07:34.483107"
}