{
  "ticker": "053030",
  "name": "바이넥스",
  "market": "KOSDAQ",
  "quarter": "2025Q1",
  "year": 2025,
  "quarter_num": 1,
  "revenue": 39787279883,
  "operating_profit": 541414872,
  "net_income": -372442,
  "total_assets": 285609350288,
  "total_debt": 100839347412,
  "total_equity": 184770002876,
  "data_source": "f_data_financial",
  "revenue_yoy": 33.918462277658314,
  "debt_ratio": 54.575605261896186,
  "operating_margin": 1.3607737789366483,
  "net_margin": -0.0009360830926246207,
  "roe": -0.0008062823926023264,
  "cached_at": "2025-06-09T16:15:03.998840"
}