{
  "ticker": "053280",
  "name": "예스24",
  "market": "KOSDAQ",
  "quarter": "2025Q1",
  "year": 2025,
  "quarter_num": 1,
  "revenue": 181497040007,
  "operating_profit": 6335123411,
  "net_income": 6131417174,
  "total_assets": 455353080530,
  "total_debt": 268781134455,
  "total_equity": 186571946075,
  "data_source": "f_data_financial",
  "revenue_yoy": 4.9960335095550645,
  "operating_profit_yoy": 816.582594000409,
  "debt_ratio": 144.06299559471432,
  "operating_margin": 3.4904830463106538,
  "net_margin": 3.378246374576424,
  "roe": 13.145421491257284,
  "cached_at": "2025-06-09T16:25:08.024570"
}