{
  "ticker": "053580",
  "name": "웹케시",
  "market": "KOSDAQ",
  "quarter": "2025Q1",
  "year": 2025,
  "quarter_num": 1,
  "revenue": 19652424371,
  "operating_profit": 3369357292,
  "net_income": 0,
  "total_assets": 128488498095,
  "total_debt": 25695344076,
  "total_equity": 102793154019,
  "data_source": "f_data_financial",
  "revenue_yoy": 19.64728323572096,
  "operating_profit_yoy": 1.3782910514126279,
  "net_income_yoy": -100.0,
  "debt_ratio": 24.997135578941908,
  "operating_margin": 17.144741169806892,
  "net_margin": 0.0,
  "roe": 0.0,
  "cached_at": "2025-06-09T16:30:44.613844"
}