{
  "ticker": "053700",
  "name": "삼보모터스",
  "market": "KOSDAQ",
  "quarter": "2025Q1",
  "year": 2025,
  "quarter_num": 1,
  "revenue": 412153963982,
  "operating_profit": 23338591978,
  "net_income": 19701584634,
  "total_assets": 1250941967422,
  "total_debt": 844644734647,
  "total_equity": 406297232775,
  "data_source": "f_data_financial",
  "revenue_yoy": 11.247201629125335,
  "operating_profit_yoy": 16.38880822194082,
  "net_income_yoy": 54.0000241032081,
  "debt_ratio": 207.88837986370163,
  "operating_margin": 5.662590686382254,
  "net_margin": 4.780151680128067,
  "roe": 19.396228223794356,
  "cached_at": "2025-06-09T16:16:39.749924"
}