{
  "ticker": "054180",
  "name": "메디콕스",
  "market": "KOSDAQ",
  "quarter": "2025Q1",
  "year": 2025,
  "quarter_num": 1,
  "revenue": 6820423775,
  "operating_profit": -2022890480,
  "net_income": -2882532364,
  "total_assets": 83556722311,
  "total_debt": 27338227095,
  "total_equity": 56218495216,
  "data_source": "f_data_financial",
  "revenue_yoy": -8.66413297064128,
  "debt_ratio": 48.62852872522179,
  "operating_margin": -29.659307789859433,
  "net_margin": -42.263244324580114,
  "roe": -20.509494983278174,
  "cached_at": "2025-06-09T16:14:09.320660"
}