{
  "ticker": "054620",
  "name": "APS",
  "market": "KOSDAQ",
  "quarter": "2025Q1",
  "year": 2025,
  "quarter_num": 1,
  "revenue": 19205403564,
  "operating_profit": -2880678846,
  "net_income": -1151870755,
  "total_assets": 405575967600,
  "total_debt": 182245882139,
  "total_equity": 223330085461,
  "data_source": "f_data_financial",
  "revenue_yoy": 354.5134998638501,
  "net_income_yoy": -115.59482070375331,
  "debt_ratio": 81.60382053443736,
  "operating_margin": -14.999314314851228,
  "net_margin": -5.99763889970607,
  "roe": -2.063082101316171,
  "cached_at": "2025-06-09T16:06:06.943543"
}