{
  "ticker": "054780",
  "name": "키이스트",
  "market": "KOSDAQ",
  "quarter": "2025Q1",
  "year": 2025,
  "quarter_num": 1,
  "revenue": 4498328070,
  "operating_profit": -1072199831,
  "net_income": -519635900,
  "total_assets": 64715154607,
  "total_debt": 23002041347,
  "total_equity": 41713113260,
  "data_source": "f_data_financial",
  "revenue_yoy": -82.27828666859943,
  "operating_profit_yoy": -257.6038320873633,
  "debt_ratio": 55.1434298457348,
  "operating_margin": -23.83551875975111,
  "net_margin": -11.551756384011359,
  "roe": -4.982950054685033,
  "cached_at": "2025-06-09T16:37:02.208440"
}