{
  "ticker": "054920",
  "name": "한컴위드",
  "market": "KOSDAQ",
  "quarter": "2025Q1",
  "year": 2025,
  "quarter_num": 1,
  "revenue": 159736350893,
  "operating_profit": 2000939967,
  "net_income": 3915666136,
  "total_assets": 223554058046,
  "total_debt": 79332488294,
  "total_equity": 144221569752,
  "data_source": "f_data_financial",
  "revenue_yoy": 103.01083524760912,
  "operating_profit_yoy": 14944.081134314143,
  "net_income_yoy": 219.08649839367484,
  "debt_ratio": 55.00736708830605,
  "operating_margin": 1.2526516073603917,
  "net_margin": 2.4513306546128146,
  "roe": 10.860140110063389,
  "cached_at": "2025-06-09T16:41:17.931005"
}