{
  "ticker": "054950",
  "name": "제이브이엠",
  "market": "KOSDAQ",
  "quarter": "2025Q1",
  "year": 2025,
  "quarter_num": 1,
  "revenue": 42819113913,
  "operating_profit": 8865199375,
  "net_income": 7777061619,
  "total_assets": 286249069683,
  "total_debt": 82063359156,
  "total_equity": 204185710527,
  "data_source": "f_data_financial",
  "revenue_yoy": 6.621862651671284,
  "operating_profit_yoy": 21.13371926100125,
  "net_income_yoy": -5.862216799688391,
  "debt_ratio": 40.19054954638882,
  "operating_margin": 20.703836592724308,
  "net_margin": 18.162593543625068,
  "roe": 15.2352710655952,
  "cached_at": "2025-06-09T16:33:48.123091"
}