{
  "ticker": "058400",
  "name": "KNN",
  "market": "KOSDAQ",
  "quarter": "2025Q1",
  "year": 2025,
  "quarter_num": 1,
  "revenue": 11563768587,
  "operating_profit": 202752401,
  "net_income": 600467983,
  "total_assets": 232564012838,
  "total_debt": 14241825300,
  "total_equity": 218322187538,
  "data_source": "f_data_financial",
  "revenue_yoy": 0.7436502591799954,
  "operating_profit_yoy": 92.64278504637662,
  "net_income_yoy": -39.971339899907186,
  "debt_ratio": 6.523306431015466,
  "operating_margin": 1.7533419099024037,
  "net_margin": 5.192666892997553,
  "roe": 1.1001501767116286,
  "cached_at": "2025-06-09T16:07:28.220040"
}