{
  "ticker": "063080",
  "name": "컴투스홀딩스",
  "market": "KOSDAQ",
  "quarter": "2025Q1",
  "year": 2025,
  "quarter_num": 1,
  "revenue": 0,
  "operating_profit": -3195589919,
  "net_income": -6566168043,
  "total_assets": 530485165345,
  "total_debt": 320873068279,
  "total_equity": 209612097066,
  "data_source": "f_data_financial",
  "operating_profit_yoy": -191.26841425715205,
  "net_income_yoy": -1091.273403602362,
  "debt_ratio": 153.07946095208786,
  "roe": -12.530131867212852,
  "cached_at": "2025-06-09T16:35:14.598326"
}