{
  "ticker": "063760",
  "name": "이엘피",
  "market": "KOSDAQ",
  "quarter": "2025Q1",
  "year": 2025,
  "quarter_num": 1,
  "revenue": 2091900868,
  "operating_profit": -2012849809,
  "net_income": -1902066318,
  "total_assets": 74020039377,
  "total_debt": 13850283239,
  "total_equity": 60169756138,
  "data_source": "f_data_financial",
  "revenue_yoy": -55.555850202033206,
  "debt_ratio": 23.018679363157503,
  "operating_margin": -96.22108962191989,
  "net_margin": -90.92526070886453,
  "roe": -12.644666956187026,
  "cached_at": "2025-06-09T16:32:28.942106"
}