{
  "ticker": "064550",
  "name": "바이오니아",
  "market": "KOSDAQ",
  "quarter": "2025Q1",
  "year": 2025,
  "quarter_num": 1,
  "revenue": 73909108244,
  "operating_profit": 4343653804,
  "net_income": 1132631530,
  "total_assets": 368395707737,
  "total_debt": 140404636167,
  "total_equity": 227991071570,
  "data_source": "f_data_financial",
  "revenue_yoy": -6.699229458344291,
  "operating_profit_yoy": 56.39117533420295,
  "net_income_yoy": 51.88818267335045,
  "debt_ratio": 61.583392367139965,
  "operating_margin": 5.877020988617626,
  "net_margin": 1.5324654253177896,
  "roe": 1.9871506760338176,
  "cached_at": "2025-06-09T16:15:06.092821"
}