{
  "ticker": "064960",
  "name": "SNT모티브",
  "market": "KOSPI",
  "quarter": "2025Q1",
  "year": 2025,
  "quarter_num": 1,
  "revenue": 226184573925,
  "operating_profit": 23017985647,
  "net_income": 21278525570,
  "total_assets": 1278911262823,
  "total_debt": 286030952506,
  "total_equity": 992880310317,
  "data_source": "f_data_financial",
  "revenue_yoy": 1.8889494939685836,
  "operating_profit_yoy": 4.585999442629429,
  "net_income_yoy": -21.006384071528927,
  "debt_ratio": 28.808200699908937,
  "operating_margin": 10.176638153330686,
  "net_margin": 9.407593630614127,
  "roe": 8.57244336458091,
  "cached_at": "2025-06-09T15:57:47.565713"
}