{
  "ticker": "065060",
  "name": "지엔코",
  "market": "KOSDAQ",
  "quarter": "2025Q1",
  "year": 2025,
  "quarter_num": 1,
  "revenue": 24964430683,
  "operating_profit": -165150625,
  "net_income": -3057997703,
  "total_assets": 234593260945,
  "total_debt": 113826714220,
  "total_equity": 120766546725,
  "data_source": "f_data_financial",
  "revenue_yoy": -17.033436866279274,
  "debt_ratio": 94.25351416166363,
  "operating_margin": -0.6615437263404627,
  "net_margin": -12.24941895062883,
  "roe": -10.128625139753082,
  "cached_at": "2025-06-09T16:34:39.121305"
}