{
  "ticker": "065570",
  "name": "삼영이엔씨",
  "market": "KOSDAQ",
  "quarter": "2025Q1",
  "year": 2025,
  "quarter_num": 1,
  "revenue": 4706320805,
  "operating_profit": -1325396439,
  "net_income": 685516903,
  "total_assets": 52324445846,
  "total_debt": 34371032127,
  "total_equity": 17953413719,
  "data_source": "f_data_financial",
  "revenue_yoy": -19.165807000407455,
  "debt_ratio": 191.44566412250236,
  "operating_margin": -28.16205044058827,
  "net_margin": 14.565877070507097,
  "roe": 15.273238031038547,
  "cached_at": "2025-06-09T16:16:51.466788"
}