{
  "ticker": "065680",
  "name": "우주일렉트로",
  "market": "KOSDAQ",
  "quarter": "2025Q1",
  "year": 2025,
  "quarter_num": 1,
  "revenue": 49526297825,
  "operating_profit": 6713190327,
  "net_income": 5883377150,
  "total_assets": 333475853260,
  "total_debt": 84023983029,
  "total_equity": 249451870231,
  "data_source": "f_data_financial",
  "revenue_yoy": 8.806860043731168,
  "operating_profit_yoy": 66.233869557095,
  "net_income_yoy": 39.40140308405438,
  "debt_ratio": 33.68344480688449,
  "operating_margin": 13.554799413275143,
  "net_margin": 11.87929929830163,
  "roe": 9.43408785759243,
  "cached_at": "2025-06-09T16:30:15.813111"
}