{
  "ticker": "066360",
  "name": "체리부로",
  "market": "KOSDAQ",
  "quarter": "2025Q1",
  "year": 2025,
  "quarter_num": 1,
  "revenue": 91105546286,
  "operating_profit": 3266141739,
  "net_income": 1783458470,
  "total_assets": 305313733653,
  "total_debt": 196154197979,
  "total_equity": 109159535674,
  "data_source": "f_data_financial",
  "revenue_yoy": -8.362913769421754,
  "operating_profit_yoy": 59.381973773485555,
  "debt_ratio": 179.69497283755916,
  "operating_margin": 3.585008676361893,
  "net_margin": 1.957573981721528,
  "roe": 6.535236556249993,
  "cached_at": "2025-06-09T16:34:57.864540"
}