{
  "ticker": "066790",
  "name": "씨씨에스",
  "market": "KOSDAQ",
  "quarter": "2025Q1",
  "year": 2025,
  "quarter_num": 1,
  "revenue": 4351715593,
  "operating_profit": -757703360,
  "net_income": -611738368,
  "total_assets": 37080107424,
  "total_debt": 3206501614,
  "total_equity": 33873605810,
  "data_source": "f_data_financial",
  "revenue_yoy": -3.2663398939151267,
  "debt_ratio": 9.46607701579084,
  "operating_margin": -17.411601098629056,
  "net_margin": -14.057406899109365,
  "roe": -7.223776192369878,
  "cached_at": "2025-06-09T16:20:14.260659"
}