{
  "ticker": "066910",
  "name": "손오공",
  "market": "KOSDAQ",
  "quarter": "2025Q1",
  "year": 2025,
  "quarter_num": 1,
  "revenue": 4820092385,
  "operating_profit": -1154324138,
  "net_income": -3856649365,
  "total_assets": 56448089511,
  "total_debt": 23321099425,
  "total_equity": 33126990086,
  "data_source": "f_data_financial",
  "revenue_yoy": -42.331469148179,
  "debt_ratio": 70.39908957758246,
  "operating_margin": -23.948174553504952,
  "net_margin": -80.01193871307926,
  "roe": -46.56806253737954,
  "cached_at": "2025-06-09T16:18:37.339425"
}