{
  "ticker": "066980",
  "name": "한성크린텍",
  "market": "KOSDAQ",
  "quarter": "2025Q1",
  "year": 2025,
  "quarter_num": 1,
  "revenue": 46903891653,
  "operating_profit": 1872004499,
  "net_income": 1742448953,
  "total_assets": 168829432318,
  "total_debt": 103908923892,
  "total_equity": 64920508426,
  "data_source": "f_data_financial",
  "revenue_yoy": -34.26618226920114,
  "operating_profit_yoy": -36.60549591020009,
  "net_income_yoy": -20.121190051412785,
  "debt_ratio": 160.05562250092535,
  "operating_margin": 3.991149631781706,
  "net_margin": 3.714934713500584,
  "roe": 10.73589221801083,
  "cached_at": "2025-06-09T16:40:59.105118"
}