{
  "ticker": "067280",
  "name": "멀티캠퍼스",
  "market": "KOSDAQ",
  "quarter": "2025Q1",
  "year": 2025,
  "quarter_num": 1,
  "revenue": 75918093527,
  "operating_profit": 4700316971,
  "net_income": 4388278814,
  "total_assets": 311988859714,
  "total_debt": 99057444209,
  "total_equity": 212931415505,
  "data_source": "f_data_financial",
  "revenue_yoy": -7.792178873995692,
  "operating_profit_yoy": -34.28502936539189,
  "net_income_yoy": -27.246227335219654,
  "debt_ratio": 46.520821727536,
  "operating_margin": 6.191300061201285,
  "net_margin": 5.780280576249355,
  "roe": 8.243553547216157,
  "cached_at": "2025-06-09T16:14:00.417869"
}