{
  "ticker": "067770",
  "name": "세진티에스",
  "market": "KOSDAQ",
  "quarter": "2025Q1",
  "year": 2025,
  "quarter_num": 1,
  "revenue": 3274788889,
  "operating_profit": 56999596,
  "net_income": 215471823,
  "total_assets": 48794992029,
  "total_debt": 1421735767,
  "total_equity": 47373256262,
  "data_source": "f_data_financial",
  "revenue_yoy": -9.704428858327974,
  "operating_profit_yoy": -84.36958709994562,
  "net_income_yoy": -75.69449113009617,
  "debt_ratio": 3.00113582890951,
  "operating_margin": 1.7405578781417443,
  "net_margin": 6.5797164429062525,
  "roe": 1.8193541251065628,
  "cached_at": "2025-06-09T16:18:08.375830"
}