{
  "ticker": "068290",
  "name": "삼성출판사",
  "market": "KOSPI",
  "quarter": "2025Q1",
  "year": 2025,
  "quarter_num": 1,
  "revenue": 10267886904,
  "operating_profit": -85124020,
  "net_income": 1618153370,
  "total_assets": 210773201393,
  "total_debt": 34912793137,
  "total_equity": 175860408256,
  "data_source": "f_data_financial",
  "revenue_yoy": -1.2886490425397468,
  "net_income_yoy": -25.709955089942184,
  "debt_ratio": 19.852560040789538,
  "operating_margin": -0.8290315309846151,
  "net_margin": 15.759361055775026,
  "roe": 3.6805404605781513,
  "cached_at": "2025-06-09T16:00:54.931259"
}