{
  "ticker": "069460",
  "name": "대호에이엘",
  "market": "KOSPI",
  "quarter": "2025Q1",
  "year": 2025,
  "quarter_num": 1,
  "revenue": 52058954393,
  "operating_profit": 4588957194,
  "net_income": 4063776529,
  "total_assets": 169434248478,
  "total_debt": 68136525662,
  "total_equity": 101297722816,
  "data_source": "f_data_financial",
  "revenue_yoy": 27.481084692204803,
  "operating_profit_yoy": 169.6198520275552,
  "net_income_yoy": 898.9318041802719,
  "debt_ratio": 67.26363018620377,
  "operating_margin": 8.814923863736004,
  "net_margin": 7.80610478328475,
  "roe": 16.046862322390236,
  "cached_at": "2025-06-09T15:59:10.395524"
}