{
  "ticker": "071850",
  "name": "캐스텍코리아",
  "market": "KOSDAQ",
  "quarter": "2025Q1",
  "year": 2025,
  "quarter_num": 1,
  "revenue": 37819431790,
  "operating_profit": -2116337811,
  "net_income": -2672753907,
  "total_assets": 210750612700,
  "total_debt": 134422902468,
  "total_equity": 76327710232,
  "data_source": "f_data_financial",
  "revenue_yoy": -8.241318678258402,
  "debt_ratio": 176.11284559620378,
  "operating_margin": -5.595900601445815,
  "net_margin": -7.067144535224652,
  "roe": -14.006729136121585,
  "cached_at": "2025-06-09T16:35:08.288963"
}