{
  "ticker": "072130",
  "name": "유엔젤",
  "market": "KOSPI",
  "quarter": "2025Q1",
  "year": 2025,
  "quarter_num": 1,
  "revenue": 17911550998,
  "operating_profit": 698180218,
  "net_income": 1516005269,
  "total_assets": 71140304121,
  "total_debt": 11382048733,
  "total_equity": 59758255388,
  "data_source": "f_data_financial",
  "revenue_yoy": 30.9854771415492,
  "debt_ratio": 19.046822332911713,
  "operating_margin": 3.8979327813541027,
  "net_margin": 8.463841401391074,
  "roe": 10.147587202182127,
  "cached_at": "2025-06-09T16:02:46.205297"
}