{
  "ticker": "074430",
  "name": "아미노로직스",
  "market": "KOSDAQ",
  "quarter": "2025Q1",
  "year": 2025,
  "quarter_num": 1,
  "revenue": 4727683709,
  "operating_profit": 511729751,
  "net_income": 2330052248,
  "total_assets": 58916618922,
  "total_debt": 4584117081,
  "total_equity": 54332501841,
  "data_source": "f_data_financial",
  "revenue_yoy": -4.23780226889553,
  "operating_profit_yoy": 416.93923195700836,
  "net_income_yoy": 80.54159965201224,
  "debt_ratio": 8.437154420783118,
  "operating_margin": 10.824111393616075,
  "net_margin": 49.2852819989697,
  "roe": 17.154021398232118,
  "cached_at": "2025-06-09T16:20:41.568547"
}