{
  "ticker": "078350",
  "name": "한양디지텍",
  "market": "KOSDAQ",
  "quarter": "2025Q1",
  "year": 2025,
  "quarter_num": 1,
  "revenue": 149447685672,
  "operating_profit": 4726393217,
  "net_income": 3685176612,
  "total_assets": 280321326544,
  "total_debt": 119656016421,
  "total_equity": 160665310123,
  "data_source": "f_data_financial",
  "revenue_yoy": -10.793388889439083,
  "operating_profit_yoy": -57.63468301987482,
  "net_income_yoy": -51.023497312986045,
  "debt_ratio": 74.47532782863665,
  "operating_margin": 3.1625737098219386,
  "net_margin": 2.4658639546202368,
  "roe": 9.174791021605726,
  "cached_at": "2025-06-09T16:41:05.402618"
}