{
  "ticker": "080010",
  "name": "이상네트웍스",
  "market": "KOSDAQ",
  "quarter": "2025Q1",
  "year": 2025,
  "quarter_num": 1,
  "revenue": 20571903835,
  "operating_profit": 4067059619,
  "net_income": 4397361020,
  "total_assets": 201022582084,
  "total_debt": 44260198835,
  "total_equity": 156762383249,
  "data_source": "f_data_financial",
  "revenue_yoy": 4.984743976866524,
  "operating_profit_yoy": 5.176816635228199,
  "net_income_yoy": 20.61855294767845,
  "debt_ratio": 28.233941024421327,
  "operating_margin": 19.769971956025334,
  "net_margin": 21.37556667224232,
  "roe": 11.220449520763589,
  "cached_at": "2025-06-09T16:32:19.500303"
}