{
  "ticker": "080160",
  "name": "모두투어",
  "market": "KOSDAQ",
  "quarter": "2025Q1",
  "year": 2025,
  "quarter_num": 1,
  "revenue": 65578462477,
  "operating_profit": 7897053508,
  "net_income": 6771036780,
  "total_assets": 213728834035,
  "total_debt": 140021629043,
  "total_equity": 73707204992,
  "data_source": "f_data_financial",
  "revenue_yoy": -17.27334127087903,
  "operating_profit_yoy": 37.5668502968673,
  "net_income_yoy": -11.011586831699416,
  "debt_ratio": 189.97007016912065,
  "operating_margin": 12.042144950820848,
  "net_margin": 10.325092300501511,
  "roe": 36.745589692269085,
  "cached_at": "2025-06-09T16:14:22.063487"
}