{
  "ticker": "081180",
  "name": "쎄크",
  "market": "KOSDAQ",
  "quarter": "2025Q1",
  "year": 2025,
  "quarter_num": 1,
  "revenue": 7576806565,
  "operating_profit": -2269927046,
  "net_income": -2522365854,
  "total_assets": 79101291222,
  "total_debt": 60910607960,
  "total_equity": 18190683262,
  "data_source": "f_data_financial",
  "debt_ratio": 334.8450802133482,
  "operating_margin": -29.958888702340786,
  "net_margin": -33.29061963455312,
  "roe": -55.46500519349211,
  "cached_at": "2025-06-09T16:20:04.254406"
}