{
  "ticker": "084680",
  "name": "이월드",
  "market": "KOSPI",
  "quarter": "2025Q1",
  "year": 2025,
  "quarter_num": 1,
  "revenue": 18880616181,
  "operating_profit": -2433988483,
  "net_income": -5198200472,
  "total_assets": 423517770593,
  "total_debt": 194425931026,
  "total_equity": 229091839567,
  "data_source": "f_data_financial",
  "revenue_yoy": -34.64600586781492,
  "operating_profit_yoy": -243.12971553671224,
  "debt_ratio": 84.86811725528021,
  "operating_margin": -12.891467416457408,
  "net_margin": -27.531942931137326,
  "roe": -9.0761861824934,
  "cached_at": "2025-06-09T16:03:00.829000"
}