{
  "ticker": "084690",
  "name": "대상홀딩스",
  "market": "KOSPI",
  "quarter": "2025Q1",
  "year": 2025,
  "quarter_num": 1,
  "revenue": 1409185911066,
  "operating_profit": 52747415623,
  "net_income": 17863708621,
  "total_assets": 4438285926241,
  "total_debt": 2785508493786,
  "total_equity": 1652777432455,
  "data_source": "f_data_financial",
  "revenue_yoy": 7.154493106461102,
  "operating_profit_yoy": -2.274479256183204,
  "net_income_yoy": -10.990501523101226,
  "debt_ratio": 168.53500290407922,
  "operating_margin": 3.743112616212464,
  "net_margin": 1.2676615967219491,
  "roe": 4.323318619970659,
  "cached_at": "2025-06-09T15:58:48.870165"
}