{
  "ticker": "084850",
  "name": "아이티엠반도체",
  "market": "KOSDAQ",
  "quarter": "2025Q1",
  "year": 2025,
  "quarter_num": 1,
  "revenue": 138169241844,
  "operating_profit": -5748802872,
  "net_income": -10575447481,
  "total_assets": 569863052328,
  "total_debt": 388875041558,
  "total_equity": 180988010770,
  "data_source": "f_data_financial",
  "revenue_yoy": -0.2954108192783744,
  "debt_ratio": 214.8623214894512,
  "operating_margin": -4.160696545248968,
  "net_margin": -7.653980972798714,
  "roe": -23.37270283486193,
  "cached_at": "2025-06-09T16:21:33.095684"
}