{
  "ticker": "086280",
  "name": "현대글로비스",
  "market": "KOSPI",
  "quarter": "2025Q1",
  "year": 2025,
  "quarter_num": 1,
  "revenue": 7223390117785,
  "operating_profit": 501884038866,
  "net_income": 398228822912,
  "total_assets": 17633760939192,
  "total_debt": 8654836806537,
  "total_equity": 8978924132655,
  "data_source": "f_data_financial",
  "revenue_yoy": 9.670697317368804,
  "operating_profit_yoy": 30.437691941951762,
  "net_income_yoy": 30.0687828467453,
  "debt_ratio": 96.39057729712468,
  "operating_margin": 6.948040057123469,
  "net_margin": 5.513046040964959,
  "roe": 17.74060308467031,
  "cached_at": "2025-06-09T16:05:37.581506"
}