{
  "ticker": "086980",
  "name": "쇼박스",
  "market": "KOSDAQ",
  "quarter": "2025Q1",
  "year": 2025,
  "quarter_num": 1,
  "revenue": 11734306299,
  "operating_profit": -1411904245,
  "net_income": -1450278762,
  "total_assets": 146222771111,
  "total_debt": 24978785649,
  "total_equity": 121243985462,
  "data_source": "f_data_financial",
  "revenue_yoy": -81.43719907731509,
  "operating_profit_yoy": -107.07574349909063,
  "net_income_yoy": -107.22343572163186,
  "debt_ratio": 20.602082283767214,
  "operating_margin": -12.032277060300725,
  "net_margin": -12.359305484667578,
  "roe": -4.784662122327026,
  "cached_at": "2025-06-09T16:18:45.704826"
}