{
  "ticker": "088280",
  "name": "쏘닉스",
  "market": "KOSDAQ",
  "quarter": "2025Q1",
  "year": 2025,
  "quarter_num": 1,
  "revenue": 4592355995,
  "operating_profit": -1608275972,
  "net_income": -1634964150,
  "total_assets": 55472309422,
  "total_debt": 15164358256,
  "total_equity": 40307951166,
  "data_source": "f_data_financial",
  "revenue_yoy": -4.832931817254604,
  "debt_ratio": 37.62125788420431,
  "operating_margin": -35.02071646342391,
  "net_margin": -35.60185995554554,
  "roe": -16.224730880185266,
  "cached_at": "2025-06-09T16:20:07.932271"
}