{
  "ticker": "088910",
  "name": "동우팜투테이블",
  "market": "KOSDAQ",
  "quarter": "2025Q1",
  "year": 2025,
  "quarter_num": 1,
  "revenue": 71169230061,
  "operating_profit": 264437784,
  "net_income": 2158961239,
  "total_assets": 264256653424,
  "total_debt": 50774466291,
  "total_equity": 213482187133,
  "data_source": "f_data_financial",
  "revenue_yoy": -0.22708174794794367,
  "debt_ratio": 23.783935780725052,
  "operating_margin": 0.3715619570049405,
  "net_margin": 3.0335599206982122,
  "roe": 4.045229755220675,
  "cached_at": "2025-06-09T16:12:11.336106"
}