{
  "ticker": "090430",
  "name": "아모레퍼시픽",
  "market": "KOSPI",
  "quarter": "2025Q1",
  "year": 2025,
  "quarter_num": 1,
  "revenue": 1067512073116,
  "operating_profit": 117729877264,
  "net_income": 118952934878,
  "total_assets": 6877582295704,
  "total_debt": 1505856048879,
  "total_equity": 5371726246825,
  "data_source": "f_data_financial",
  "revenue_yoy": 17.12207089704012,
  "operating_profit_yoy": 61.99294453870125,
  "net_income_yoy": 48.48035553169052,
  "debt_ratio": 28.03300056046318,
  "operating_margin": 11.028435202644028,
  "net_margin": 11.14300604870762,
  "roe": 8.857706399190244,
  "cached_at": "2025-06-09T16:02:01.831410"
}