{
  "ticker": "090460",
  "name": "비에이치",
  "market": "KOSPI",
  "quarter": "2025Q1",
  "year": 2025,
  "quarter_num": 1,
  "revenue": 332425921279,
  "operating_profit": -25361359171,
  "net_income": -25532350236,
  "total_assets": 1270618335332,
  "total_debt": 568494376851,
  "total_equity": 702123958481,
  "data_source": "f_data_financial",
  "revenue_yoy": 11.233859201830509,
  "operating_profit_yoy": -401.10046010357604,
  "net_income_yoy": -250.08922527149534,
  "debt_ratio": 80.96780774735291,
  "operating_margin": -7.62917617056541,
  "net_margin": -7.680613514663643,
  "roe": -14.545779233192723,
  "cached_at": "2025-06-09T16:00:36.889022"
}