{
  "ticker": "090710",
  "name": "휴림로봇",
  "market": "KOSDAQ",
  "quarter": "2025Q1",
  "year": 2025,
  "quarter_num": 1,
  "revenue": 50627911794,
  "operating_profit": 774749788,
  "net_income": -485657681,
  "total_assets": 327018741389,
  "total_debt": 113338031302,
  "total_equity": 213680710087,
  "data_source": "f_data_financial",
  "revenue_yoy": 144.67923246946458,
  "debt_ratio": 53.04083426896816,
  "operating_margin": 1.5302819345036012,
  "net_margin": -0.9592686401447751,
  "roe": -0.909127793149442,
  "cached_at": "2025-06-09T16:41:58.339098"
}