{
  "ticker": "092730",
  "name": "네오팜",
  "market": "KOSDAQ",
  "quarter": "2025Q1",
  "year": 2025,
  "quarter_num": 1,
  "revenue": 31608960291,
  "operating_profit": 7780423580,
  "net_income": 7136756769,
  "total_assets": 200914982501,
  "total_debt": 26282418568,
  "total_equity": 174632563933,
  "data_source": "f_data_financial",
  "revenue_yoy": 12.027435404896147,
  "operating_profit_yoy": 14.554980792197124,
  "net_income_yoy": 16.76705089192292,
  "debt_ratio": 15.05012465950141,
  "operating_margin": 24.61461404731909,
  "net_margin": 22.578271171519816,
  "roe": 16.34690943835219,
  "cached_at": "2025-06-09T16:10:03.662580"
}