{
  "ticker": "093320",
  "name": "케이아이엔엑스",
  "market": "KOSDAQ",
  "quarter": "2025Q1",
  "year": 2025,
  "quarter_num": 1,
  "revenue": 39404196773,
  "operating_profit": 4938125649,
  "net_income": 3325529182,
  "total_assets": 339117639904,
  "total_debt": 108156299685,
  "total_equity": 230961340219,
  "data_source": "f_data_financial",
  "revenue_yoy": 28.440360877906468,
  "operating_profit_yoy": -16.224461596788785,
  "net_income_yoy": 48.08611369871259,
  "debt_ratio": 46.82874613666731,
  "operating_margin": 12.531978960128518,
  "net_margin": 8.439530441789573,
  "roe": 5.759455983147133,
  "cached_at": "2025-06-09T16:35:26.660093"
}