{
  "ticker": "094280",
  "name": "효성ITX",
  "market": "KOSPI",
  "quarter": "2025Q1",
  "year": 2025,
  "quarter_num": 1,
  "revenue": 122075631324,
  "operating_profit": 3710447081,
  "net_income": 3223308265,
  "total_assets": 170366204465,
  "total_debt": 100119529923,
  "total_equity": 70246674542,
  "data_source": "f_data_financial",
  "revenue_yoy": -3.6523802738801736,
  "operating_profit_yoy": -18.61044897959223,
  "net_income_yoy": -5.732187319492976,
  "debt_ratio": 142.52565061017833,
  "operating_margin": 3.039465813739788,
  "net_margin": 2.640419082859414,
  "roe": 18.354225511830066,
  "cached_at": "2025-06-09T16:06:00.212027"
}