{
  "ticker": "094940",
  "name": "푸른기술",
  "market": "KOSDAQ",
  "quarter": "2025Q1",
  "year": 2025,
  "quarter_num": 1,
  "revenue": 3312241172,
  "operating_profit": -842103821,
  "net_income": -373903171,
  "total_assets": 46549434999,
  "total_debt": 8910152635,
  "total_equity": 37639282364,
  "data_source": "f_data_financial",
  "revenue_yoy": -56.49855589201855,
  "operating_profit_yoy": -618.5339810998823,
  "net_income_yoy": -220.40667051548257,
  "debt_ratio": 23.67248277698858,
  "operating_margin": -25.423988691364528,
  "net_margin": -11.288524946818093,
  "roe": -3.973541975472081,
  "cached_at": "2025-06-09T16:38:54.290366"
}