{
  "ticker": "094970",
  "name": "제이엠티",
  "market": "KOSDAQ",
  "quarter": "2025Q1",
  "year": 2025,
  "quarter_num": 1,
  "revenue": 38385025739,
  "operating_profit": -1429026913,
  "net_income": -651843432,
  "total_assets": 244041120977,
  "total_debt": 70733859461,
  "total_equity": 173307261516,
  "data_source": "f_data_financial",
  "revenue_yoy": 25.183128122908926,
  "net_income_yoy": -179.68459764211775,
  "debt_ratio": 40.81413487366756,
  "operating_margin": -3.7228760056505017,
  "net_margin": -1.698171147343307,
  "roe": -1.5044803692540507,
  "cached_at": "2025-06-09T16:34:02.291439"
}