{
  "ticker": "095660",
  "name": "네오위즈",
  "market": "KOSDAQ",
  "quarter": "2025Q1",
  "year": 2025,
  "quarter_num": 1,
  "revenue": 89030194234,
  "operating_profit": 10228631452,
  "net_income": 6108868788,
  "total_assets": 621017100185,
  "total_debt": 95028132168,
  "total_equity": 525988968017,
  "data_source": "f_data_financial",
  "revenue_yoy": -8.276836208888138,
  "operating_profit_yoy": -31.091441684594447,
  "net_income_yoy": -57.39627386279835,
  "debt_ratio": 18.0665637392092,
  "operating_margin": 11.488946575940142,
  "net_margin": 6.861569651239812,
  "roe": 4.645625029764929,
  "cached_at": "2025-06-09T16:09:57.198887"
}