{
  "ticker": "095610",
  "name": "테스",
  "market": "KOSDAQ",
  "quarter": "2025Q1",
  "year": 2025,
  "quarter_num": 1,
  "revenue": 84496221173,
  "operating_profit": 16270467965,
  "net_income": 15861232195,
  "total_assets": 391772528118,
  "total_debt": 55218771391,
  "total_equity": 336553756727,
  "data_source": "f_data_financial",
  "revenue_yoy": 100.3730785828906,
  "operating_profit_yoy": 582.6082838644865,
  "net_income_yoy": 129.88111209762724,
  "debt_ratio": 16.40711781915762,
  "operating_margin": 19.255852793330693,
  "net_margin": 18.771528448029947,
  "roe": 18.851350642169233,
  "cached_at": "2025-06-09T16:37:18.906612"
}