{
  "ticker": "095720",
  "name": "웅진씽크빅",
  "market": "KOSPI",
  "quarter": "2025Q1",
  "year": 2025,
  "quarter_num": 1,
  "revenue": 196959999857,
  "operating_profit": -10702770558,
  "net_income": -11165337416,
  "total_assets": 665346391440,
  "total_debt": 384260807420,
  "total_equity": 281085584020,
  "data_source": "f_data_financial",
  "revenue_yoy": -8.898130033329654,
  "debt_ratio": 136.70598183102084,
  "operating_margin": -5.4339818063416905,
  "net_margin": -5.668835004115777,
  "roe": -15.888879474097193,
  "cached_at": "2025-06-09T16:02:37.807552"
}