{
  "ticker": "096040",
  "name": "이트론",
  "market": "KOSDAQ",
  "quarter": "2025Q1",
  "year": 2025,
  "quarter_num": 1,
  "revenue": 2549724311,
  "operating_profit": -1332753419,
  "net_income": 10679256669,
  "total_assets": 105864977805,
  "total_debt": 8710635155,
  "total_equity": 97154342650,
  "data_source": "f_data_financial",
  "revenue_yoy": -65.95935548790641,
  "debt_ratio": 8.965770255252712,
  "operating_margin": -52.27049109781186,
  "net_margin": 418.839661328389,
  "roe": 43.96821131288875,
  "cached_at": "2025-06-09T16:32:43.223586"
}