{
  "ticker": "096530",
  "name": "씨젠",
  "market": "KOSDAQ",
  "quarter": "2025Q1",
  "year": 2025,
  "quarter_num": 1,
  "revenue": 115996860695,
  "operating_profit": 14846635750,
  "net_income": 28927647674,
  "total_assets": 1236995745968,
  "total_debt": 231387002061,
  "total_equity": 1005608743907,
  "data_source": "f_data_financial",
  "revenue_yoy": 28.962081787972416,
  "debt_ratio": 23.009644999904552,
  "operating_margin": 12.799170306028774,
  "net_margin": 24.938302209800163,
  "roe": 11.506521934807386,
  "cached_at": "2025-06-09T16:20:28.988117"
}