{
  "ticker": "096610",
  "name": "알에프세미",
  "market": "KOSDAQ",
  "quarter": "2025Q1",
  "year": 2025,
  "quarter_num": 1,
  "revenue": 6199845752,
  "operating_profit": 1505374564,
  "net_income": 1594862481,
  "total_assets": 23842425304,
  "total_debt": 10262152684,
  "total_equity": 13580272620,
  "data_source": "f_data_financial",
  "revenue_yoy": -4.219185873314702,
  "debt_ratio": 75.56661763097948,
  "operating_margin": 24.280838979169495,
  "net_margin": 25.72422838883557,
  "roe": 46.975860518476104,
  "cached_at": "2025-06-09T16:21:51.619950"
}