{
  "ticker": "097520",
  "name": "엠씨넥스",
  "market": "KOSPI",
  "quarter": "2025Q1",
  "year": 2025,
  "quarter_num": 1,
  "revenue": 347916704658,
  "operating_profit": 20917576916,
  "net_income": 20068495388,
  "total_assets": 609810029483,
  "total_debt": 244222716869,
  "total_equity": 365587312614,
  "data_source": "f_data_financial",
  "revenue_yoy": 20.87363765747108,
  "operating_profit_yoy": 37.57369059957099,
  "net_income_yoy": 25.981981974390056,
  "debt_ratio": 66.80284256113094,
  "operating_margin": 6.012237019938968,
  "net_margin": 5.7681896612947074,
  "roe": 21.957540314522923,
  "cached_at": "2025-06-09T16:02:24.122460"
}