{
  "ticker": "097780",
  "name": "에코볼트",
  "market": "KOSDAQ",
  "quarter": "2025Q1",
  "year": 2025,
  "quarter_num": 1,
  "revenue": 56785047013,
  "operating_profit": -3712519768,
  "net_income": -432968065,
  "total_assets": 296128571083,
  "total_debt": 45200642681,
  "total_equity": 250927928402,
  "data_source": "f_data_financial",
  "revenue_yoy": -4.916681238037157,
  "debt_ratio": 18.013396503471764,
  "operating_margin": -6.537847485007946,
  "net_margin": -0.7624684450835783,
  "roe": -0.6901871270484677,
  "cached_at": "2025-06-09T16:23:46.474019"
}