{
  "ticker": "097950",
  "name": "CJ제일제당",
  "market": "KOSPI",
  "quarter": "2025Q1",
  "year": 2025,
  "quarter_num": 1,
  "revenue": 7208471055000,
  "operating_profit": 333167940000,
  "net_income": 57388640000,
  "total_assets": 30256591579000,
  "total_debt": 18012573550000,
  "total_equity": 12244018029000,
  "data_source": "f_data_financial",
  "revenue_yoy": -0.103790631229983,
  "operating_profit_yoy": -11.378342174611088,
  "net_income_yoy": -62.88578734164527,
  "debt_ratio": 147.11325569218502,
  "operating_margin": 4.621894677220148,
  "net_margin": 0.7961277719245832,
  "roe": 1.8748303004479347,
  "cached_at": "2025-06-09T15:55:50.441230"
}