{
  "ticker": "100030",
  "name": "인지소프트",
  "market": "KOSDAQ",
  "quarter": "2025Q1",
  "year": 2025,
  "quarter_num": 1,
  "revenue": 4263453547,
  "operating_profit": 339569275,
  "net_income": 1658059155,
  "total_assets": 61496693004,
  "total_debt": 7363458032,
  "total_equity": 54133234972,
  "data_source": "f_data_financial",
  "revenue_yoy": -10.125545598796116,
  "net_income_yoy": -25.10358468702254,
  "debt_ratio": 13.602471819407599,
  "operating_margin": 7.964652863145175,
  "net_margin": 38.89004856559775,
  "roe": 12.251690894568695,
  "cached_at": "2025-06-09T16:32:57.865971"
}