{
  "ticker": "100590",
  "name": "λ¨Ένλ¦¬",
  "market": "KOSDAQ",
  "quarter": "2025Q1",
  "year": 2025,
  "quarter_num": 1,
  "revenue": 21518236747,
  "operating_profit": -2290483889,
  "net_income": -2174980545,
  "total_assets": 125438458742,
  "total_debt": 28687541038,
  "total_equity": 96750917704,
  "data_source": "f_data_financial",
  "revenue_yoy": -39.14671109559828,
  "operating_profit_yoy": -1665.350447013379,
  "net_income_yoy": -197.3441430165766,
  "debt_ratio": 29.65092395895069,
  "operating_margin": -10.644384648845968,
  "net_margin": -10.107615092129835,
  "roe": -8.99208233519455,
  "cached_at": "2025-06-09T16:13:58.810751"
}