{
  "ticker": "100700",
  "name": "세운메디칼",
  "market": "KOSDAQ",
  "quarter": "2025Q1",
  "year": 2025,
  "quarter_num": 1,
  "revenue": 14561907896,
  "operating_profit": 2755323255,
  "net_income": 2798252045,
  "total_assets": 159136076533,
  "total_debt": 10032287509,
  "total_equity": 149103789024,
  "data_source": "f_data_financial",
  "revenue_yoy": -1.8705001491743922,
  "operating_profit_yoy": -24.375252748463595,
  "net_income_yoy": -27.97264718687542,
  "debt_ratio": 6.728392064795339,
  "operating_margin": 18.921444048941265,
  "net_margin": 19.216246009691147,
  "roe": 7.506856970749654,
  "cached_at": "2025-06-09T16:18:03.801378"
}