{
  "ticker": "101140",
  "name": "인바이오젠",
  "market": "KOSPI",
  "quarter": "2025Q1",
  "year": 2025,
  "quarter_num": 1,
  "revenue": 1639316923,
  "operating_profit": -1321916475,
  "net_income": 2031509156,
  "total_assets": 164082458419,
  "total_debt": 2465637251,
  "total_equity": 161616821168,
  "data_source": "f_data_financial",
  "revenue_yoy": 19.768477203770928,
  "net_income_yoy": -76.40557940819875,
  "debt_ratio": 1.525606823089894,
  "operating_margin": -80.63824977667238,
  "net_margin": 123.92412519491816,
  "roe": 5.027964642091939,
  "cached_at": "2025-06-09T16:03:09.987249"
}