{
  "ticker": "101160",
  "name": "월덱스",
  "market": "KOSDAQ",
  "quarter": "2025Q1",
  "year": 2025,
  "quarter_num": 1,
  "revenue": 74098941591,
  "operating_profit": 14766888186,
  "net_income": 12170759006,
  "total_assets": 397847582698,
  "total_debt": 79053468455,
  "total_equity": 318794114243,
  "data_source": "f_data_financial",
  "revenue_yoy": 11.556095851174186,
  "operating_profit_yoy": 2.864101233553318,
  "net_income_yoy": -18.800173658397245,
  "debt_ratio": 24.797656206018186,
  "operating_margin": 19.928608788379204,
  "net_margin": 16.425010593509278,
  "roe": 15.270995871301274,
  "cached_at": "2025-06-09T16:30:34.706082"
}