{
  "ticker": "101530",
  "name": "해태제과식품",
  "market": "KOSPI",
  "quarter": "2025Q1",
  "year": 2025,
  "quarter_num": 1,
  "revenue": 158966349639,
  "operating_profit": 13465838291,
  "net_income": 7547669792,
  "total_assets": 704681664006,
  "total_debt": 412167866036,
  "total_equity": 292513797970,
  "data_source": "f_data_financial",
  "revenue_yoy": 1.5272206281190082,
  "operating_profit_yoy": -5.834537229910975,
  "net_income_yoy": -18.275558125922153,
  "debt_ratio": 140.90544408379384,
  "operating_margin": 8.470873440561386,
  "net_margin": 4.7479669811505145,
  "roe": 10.321112842374818,
  "cached_at": "2025-06-09T16:05:34.149446"
}