{
  "ticker": "102370",
  "name": "케이옥션",
  "market": "KOSDAQ",
  "quarter": "2025Q1",
  "year": 2025,
  "quarter_num": 1,
  "revenue": 4299468788,
  "operating_profit": -656902021,
  "net_income": -1337391349,
  "total_assets": 200414537774,
  "total_debt": 89672042592,
  "total_equity": 110742495182,
  "data_source": "f_data_financial",
  "revenue_yoy": 10.28982346433538,
  "debt_ratio": 80.97347133512595,
  "operating_margin": -15.278678678478641,
  "net_margin": -31.105967154191603,
  "roe": -4.830634696471526,
  "cached_at": "2025-06-09T16:35:39.330093"
}