{
  "ticker": "102940",
  "name": "코오롱생명과학",
  "market": "KOSDAQ",
  "quarter": "2025Q1",
  "year": 2025,
  "quarter_num": 1,
  "revenue": 44830813095,
  "operating_profit": 74058589,
  "net_income": 10480976312,
  "total_assets": 601962378176,
  "total_debt": 300561708130,
  "total_equity": 301400670046,
  "data_source": "f_data_financial",
  "revenue_yoy": 16.270704786634973,
  "debt_ratio": 99.72164563672935,
  "operating_margin": 0.16519573009542357,
  "net_margin": 23.37895654444186,
  "roe": 13.90969211899945,
  "cached_at": "2025-06-09T16:36:19.176611"
}