{
  "ticker": "103840",
  "name": "우양",
  "market": "KOSDAQ",
  "quarter": "2025Q1",
  "year": 2025,
  "quarter_num": 1,
  "revenue": 39995903453,
  "operating_profit": 1032172523,
  "net_income": 69184778,
  "total_assets": 149177454918,
  "total_debt": 104777722366,
  "total_equity": 44399732552,
  "data_source": "f_data_financial",
  "revenue_yoy": -7.0138347230733755,
  "operating_profit_yoy": 185.58912028442754,
  "debt_ratio": 235.98728267853102,
  "operating_margin": 2.580695606021069,
  "net_margin": 0.17297966048273028,
  "roe": 0.6232900427404358,
  "cached_at": "2025-06-09T16:30:09.299281"
}