{
  "ticker": "105560",
  "name": "KB금융",
  "market": "KOSPI",
  "quarter": "2025Q1",
  "year": 2025,
  "quarter_num": 1,
  "revenue": 0,
  "operating_profit": 2293028000000,
  "net_income": 1699122000000,
  "total_assets": 770327137000000,
  "total_debt": 710192373000000,
  "total_equity": 60134764000000,
  "data_source": "f_data_financial",
  "operating_profit_yoy": -2.65002666159474,
  "net_income_yoy": 59.80997240442658,
  "debt_ratio": 1181.0013472406742,
  "roe": 11.302094741737076,
  "cached_at": "2025-06-09T15:56:31.518182"
}