{
  "ticker": "105760",
  "name": "포스뱅크",
  "market": "KOSDAQ",
  "quarter": "2025Q1",
  "year": 2025,
  "quarter_num": 1,
  "revenue": 21158307169,
  "operating_profit": 530502793,
  "net_income": 931241870,
  "total_assets": 92960434792,
  "total_debt": 17694582760,
  "total_equity": 75265852032,
  "data_source": "f_data_financial",
  "revenue_yoy": 47.33450934373054,
  "debt_ratio": 23.509443236591512,
  "operating_margin": 2.5073026341978046,
  "net_margin": 4.401306127951507,
  "roe": 4.949080332494335,
  "cached_at": "2025-06-09T16:38:38.540588"
}