{
  "ticker": "105840",
  "name": "우진",
  "market": "KOSPI",
  "quarter": "2025Q1",
  "year": 2025,
  "quarter_num": 1,
  "revenue": 27179111547,
  "operating_profit": -690208579,
  "net_income": -1051756627,
  "total_assets": 266896453274,
  "total_debt": 41916053717,
  "total_equity": 224980399557,
  "data_source": "f_data_financial",
  "revenue_yoy": -24.01001493655969,
  "operating_profit_yoy": -112.5785522853861,
  "net_income_yoy": -118.55709588428152,
  "debt_ratio": 18.630980209625033,
  "operating_margin": -2.539481755341574,
  "net_margin": -3.869724090065379,
  "roe": -1.8699524564290444,
  "cached_at": "2025-06-09T16:02:35.078333"
}