{
  "ticker": "108380",
  "name": "대양전기공업",
  "market": "KOSDAQ",
  "quarter": "2025Q1",
  "year": 2025,
  "quarter_num": 1,
  "revenue": 55639792956,
  "operating_profit": 5710932102,
  "net_income": 5741908520,
  "total_assets": 310593536452,
  "total_debt": 60489657498,
  "total_equity": 250103878954,
  "data_source": "f_data_financial",
  "revenue_yoy": 34.542396455835835,
  "operating_profit_yoy": 140.15140315171578,
  "net_income_yoy": 55.476098325587955,
  "debt_ratio": 24.18581341120482,
  "operating_margin": 10.264114581655994,
  "net_margin": 10.319787718370389,
  "roe": 9.183237851430642,
  "cached_at": "2025-06-09T16:11:15.288170"
}