{
  "ticker": "108490",
  "name": "로보티즈",
  "market": "KOSDAQ",
  "quarter": "2025Q1",
  "year": 2025,
  "quarter_num": 1,
  "revenue": 10223377207,
  "operating_profit": 826026453,
  "net_income": 1202509185,
  "total_assets": 104499472607,
  "total_debt": 3114217358,
  "total_equity": 101385255249,
  "data_source": "f_data_financial",
  "revenue_yoy": 22.614596639909635,
  "debt_ratio": 3.0716669306119013,
  "operating_margin": 8.079780646599007,
  "net_margin": 11.762347809847373,
  "roe": 4.744315855581419,
  "cached_at": "2025-06-09T16:13:28.649958"
}