{
  "ticker": "108860",
  "name": "셀바스AI",
  "market": "KOSDAQ",
  "quarter": "2025Q1",
  "year": 2025,
  "quarter_num": 1,
  "revenue": 26431048025,
  "operating_profit": -409203747,
  "net_income": 21751206,
  "total_assets": 315650995119,
  "total_debt": 52227161584,
  "total_equity": 263423833535,
  "data_source": "f_data_financial",
  "revenue_yoy": -2.9664281665359504,
  "net_income_yoy": -98.57056884043263,
  "debt_ratio": 19.826285603371876,
  "operating_margin": -1.5481934224210543,
  "net_margin": 0.08229414883369915,
  "roe": 0.03302845563836958,
  "cached_at": "2025-06-09T16:18:21.949585"
}