{
  "ticker": "111380",
  "name": "동인기연",
  "market": "KOSPI",
  "quarter": "2025Q1",
  "year": 2025,
  "quarter_num": 1,
  "revenue": 57621965589,
  "operating_profit": 4196798686,
  "net_income": 1236377163,
  "total_assets": 300165494548,
  "total_debt": 153088546830,
  "total_equity": 147076947718,
  "data_source": "f_data_financial",
  "revenue_yoy": 21.79558191824316,
  "operating_profit_yoy": -19.68631065259645,
  "net_income_yoy": -71.79697505870631,
  "debt_ratio": 104.08738364867784,
  "operating_margin": 7.283331353072008,
  "net_margin": 2.145669885367506,
  "roe": 3.3625314699094377,
  "cached_at": "2025-06-09T15:59:30.576919"
}