{
  "ticker": "111710",
  "name": "남화산업",
  "market": "KOSDAQ",
  "quarter": "2025Q1",
  "year": 2025,
  "quarter_num": 1,
  "revenue": 2176354091,
  "operating_profit": -315201793,
  "net_income": -253578869,
  "total_assets": 198890813129,
  "total_debt": 17014749352,
  "total_equity": 181876063777,
  "data_source": "f_data_financial",
  "revenue_yoy": -28.803932126754862,
  "operating_profit_yoy": -173.25972649120138,
  "net_income_yoy": -123.57477621494128,
  "debt_ratio": 9.355133929477354,
  "operating_margin": -14.483019757835905,
  "net_margin": -11.651544665853732,
  "roe": -0.5576959688569366,
  "cached_at": "2025-06-09T16:09:50.569495"
}