{
  "ticker": "112610",
  "name": "씨에스윈드",
  "market": "KOSPI",
  "quarter": "2025Q1",
  "year": 2025,
  "quarter_num": 1,
  "revenue": 901886946148,
  "operating_profit": 125207661658,
  "net_income": 95445557380,
  "total_assets": 3587452924256,
  "total_debt": 2330815788734,
  "total_equity": 1256637135522,
  "data_source": "f_data_financial",
  "revenue_yoy": 22.422697298793093,
  "debt_ratio": 185.4804161716733,
  "operating_margin": 13.882855516732734,
  "net_margin": 10.58287380559751,
  "roe": 30.381262715223663,
  "cached_at": "2025-06-09T16:01:59.736224"
}