{
  "ticker": "114450",
  "name": "그린생명과학",
  "market": "KOSDAQ",
  "quarter": "2025Q1",
  "year": 2025,
  "quarter_num": 1,
  "revenue": 4871845067,
  "operating_profit": -1135097736,
  "net_income": -1145716815,
  "total_assets": 44811071789,
  "total_debt": 10209191209,
  "total_equity": 34601880580,
  "data_source": "f_data_financial",
  "revenue_yoy": -25.52072499987895,
  "operating_profit_yoy": -257.212467777699,
  "net_income_yoy": -208.2579730189147,
  "debt_ratio": 29.504729332257583,
  "operating_margin": -23.29913452479666,
  "net_margin": -23.517102847967067,
  "roe": -13.244561229567713,
  "cached_at": "2025-06-09T16:09:11.506886"
}