{
  "ticker": "119610",
  "name": "인터로조",
  "market": "KOSDAQ",
  "quarter": "2025Q1",
  "year": 2025,
  "quarter_num": 1,
  "revenue": 23126353528,
  "operating_profit": 2177686863,
  "net_income": 1409697718,
  "total_assets": 235073271979,
  "total_debt": 67488211105,
  "total_equity": 167585060874,
  "data_source": "f_data_financial",
  "revenue_yoy": -31.24243207092774,
  "operating_profit_yoy": -60.61877882947654,
  "net_income_yoy": -62.40586141577429,
  "debt_ratio": 40.2710186415372,
  "operating_margin": 9.416473117404296,
  "net_margin": 6.0956333487388,
  "roe": 3.3647336120488474,
  "cached_at": "2025-06-09T16:33:04.036581"
}