{
  "ticker": "119830",
  "name": "아이텍",
  "market": "KOSDAQ",
  "quarter": "2025Q1",
  "year": 2025,
  "quarter_num": 1,
  "revenue": 13888090606,
  "operating_profit": -1596593557,
  "net_income": -1777382134,
  "total_assets": 222996611617,
  "total_debt": 54142279503,
  "total_equity": 168854332114,
  "data_source": "f_data_financial",
  "revenue_yoy": -39.470662346436214,
  "operating_profit_yoy": -200.2588174926114,
  "net_income_yoy": -130.26204239804133,
  "debt_ratio": 32.06448944789079,
  "operating_margin": -11.496134366449423,
  "net_margin": -12.797886940859435,
  "roe": -4.210450775524128,
  "cached_at": "2025-06-09T16:21:27.960179"
}