{
  "ticker": "122450",
  "name": "KX",
  "market": "KOSDAQ",
  "quarter": "2025Q1",
  "year": 2025,
  "quarter_num": 1,
  "revenue": 63106769126,
  "operating_profit": -805495022,
  "net_income": -4219505952,
  "total_assets": 863797105475,
  "total_debt": 424794960315,
  "total_equity": 439002145160,
  "data_source": "f_data_financial",
  "revenue_yoy": -17.71592506102665,
  "operating_profit_yoy": -131.26744083299747,
  "debt_ratio": 96.7637550290735,
  "operating_margin": -1.276400350003239,
  "net_margin": -6.686296906715769,
  "roe": -3.8446335613801126,
  "cached_at": "2025-06-09T16:07:34.500690"
}