{
  "ticker": "126560",
  "name": "현대퓨처넷",
  "market": "KOSPI",
  "quarter": "2025Q1",
  "year": 2025,
  "quarter_num": 1,
  "revenue": 66661281562,
  "operating_profit": 3766907757,
  "net_income": -3982737782,
  "total_assets": 882400562892,
  "total_debt": 66115109117,
  "total_equity": 816285453775,
  "data_source": "f_data_financial",
  "revenue_yoy": 53.59120989928125,
  "operating_profit_yoy": 70.28522885714874,
  "net_income_yoy": -168.20756867327214,
  "debt_ratio": 8.09950842701454,
  "operating_margin": 5.65081808920294,
  "net_margin": -5.974589279829183,
  "roe": -1.9516397179841438,
  "cached_at": "2025-06-09T16:05:49.119322"
}