{
  "ticker": "126730",
  "name": "코칩",
  "market": "KOSDAQ",
  "quarter": "2025Q1",
  "year": 2025,
  "quarter_num": 1,
  "revenue": 8554879432,
  "operating_profit": 448242913,
  "net_income": 517325840,
  "total_assets": 62776730596,
  "total_debt": 9558425211,
  "total_equity": 53218305385,
  "data_source": "f_data_financial",
  "debt_ratio": 17.96078462448396,
  "operating_margin": 5.239616952675248,
  "net_margin": 6.047143552542822,
  "roe": 3.8883300492752055,
  "cached_at": "2025-06-09T16:36:25.420232"
}