{
  "ticker": "128660",
  "name": "피제이메탈",
  "market": "KOSDAQ",
  "quarter": "2025Q1",
  "year": 2025,
  "quarter_num": 1,
  "revenue": 84234513445,
  "operating_profit": 4728587184,
  "net_income": 3070132380,
  "total_assets": 145199333203,
  "total_debt": 73706934977,
  "total_equity": 71492398226,
  "data_source": "f_data_financial",
  "revenue_yoy": 62.62389407795057,
  "operating_profit_yoy": 326.06260125952184,
  "debt_ratio": 103.09758352769126,
  "operating_margin": 5.613598263480775,
  "net_margin": 3.6447440062731635,
  "roe": 17.177392037093362,
  "cached_at": "2025-06-09T16:39:38.410320"
}