{
  "ticker": "128820",
  "name": "대성산업",
  "market": "KOSPI",
  "quarter": "2025Q1",
  "year": 2025,
  "quarter_num": 1,
  "revenue": 416471808948,
  "operating_profit": 14220195086,
  "net_income": 11857067522,
  "total_assets": 1689497661217,
  "total_debt": 1058111257610,
  "total_equity": 631386403607,
  "data_source": "f_data_financial",
  "revenue_yoy": 5.109638546787432,
  "operating_profit_yoy": 7.277538909118775,
  "net_income_yoy": 25.60452939357947,
  "debt_ratio": 167.58537269177728,
  "operating_margin": 3.4144436143036776,
  "net_margin": 2.847027642027135,
  "roe": 7.511766141470674,
  "cached_at": "2025-06-09T15:58:50.460812"
}