{
  "ticker": "131370",
  "name": "알서포트",
  "market": "KOSDAQ",
  "quarter": "2025Q1",
  "year": 2025,
  "quarter_num": 1,
  "revenue": 10942892489,
  "operating_profit": 400631239,
  "net_income": 86174618,
  "total_assets": 114890110000,
  "total_debt": 18832240577,
  "total_equity": 96057869423,
  "data_source": "f_data_financial",
  "revenue_yoy": 7.9898164304581965,
  "operating_profit_yoy": -31.722762825605766,
  "net_income_yoy": -91.89504934082584,
  "debt_ratio": 19.605099186689674,
  "operating_margin": 3.661109157407166,
  "net_margin": 0.7874939654814697,
  "roe": 0.358844594483027,
  "cached_at": "2025-06-09T16:21:49.723244"
}