{
  "ticker": "133750",
  "name": "메가엠디",
  "market": "KOSDAQ",
  "quarter": "2025Q1",
  "year": 2025,
  "quarter_num": 1,
  "revenue": 8379385025,
  "operating_profit": -491783157,
  "net_income": -194050479,
  "total_assets": 87511532563,
  "total_debt": 23255283469,
  "total_equity": 64256249094,
  "data_source": "f_data_financial",
  "revenue_yoy": -3.7843104909103475,
  "operating_profit_yoy": -232.73348151427965,
  "net_income_yoy": -121.12086670706385,
  "debt_ratio": 36.19147366504387,
  "operating_margin": -5.868964793153183,
  "net_margin": -2.315808122207632,
  "roe": -1.207978876676259,
  "cached_at": "2025-06-09T16:14:03.002870"
}