{
  "ticker": "134380",
  "name": "미원화학",
  "market": "KOSPI",
  "quarter": "2025Q1",
  "year": 2025,
  "quarter_num": 1,
  "revenue": 64190652003,
  "operating_profit": 6979564754,
  "net_income": 5831975446,
  "total_assets": 204318904640,
  "total_debt": 40140411638,
  "total_equity": 164178493002,
  "data_source": "f_data_financial",
  "revenue_yoy": 2.6877045288315804,
  "operating_profit_yoy": -15.730956047344623,
  "net_income_yoy": -21.93451864538143,
  "debt_ratio": 24.449250875698446,
  "operating_margin": 10.873179405739334,
  "net_margin": 9.085396804705205,
  "roe": 14.208865824901817,
  "cached_at": "2025-06-09T16:00:26.721438"
}