{
  "ticker": "138040",
  "name": "메리츠금융지주",
  "market": "KOSPI",
  "quarter": "2025Q1",
  "year": 2025,
  "quarter_num": 1,
  "revenue": 8230277845059,
  "operating_profit": 721743012746,
  "net_income": 620833473329,
  "total_assets": 119683312853976,
  "total_debt": 108902307998151,
  "total_equity": 10781004855825,
  "data_source": "f_data_financial",
  "revenue_yoy": -34.492387861251025,
  "operating_profit_yoy": -6.362751198353478,
  "net_income_yoy": 4.9963833887992415,
  "debt_ratio": 1010.131332417598,
  "operating_margin": 8.769363882159753,
  "net_margin": 7.54328693413083,
  "roe": 23.034345374348376,
  "cached_at": "2025-06-09T16:00:04.891897"
}