{
  "ticker": "139130",
  "name": "iM금융지주",
  "market": "KOSPI",
  "quarter": "2025Q1",
  "year": 2025,
  "quarter_num": 1,
  "revenue": 0,
  "operating_profit": 209091875659,
  "net_income": 158663412471,
  "total_assets": 97634639230766,
  "total_debt": 91472397076679,
  "total_equity": 6162242154087,
  "data_source": "f_data_financial",
  "operating_profit_yoy": 31.911149771854763,
  "net_income_yoy": 40.46684584287274,
  "debt_ratio": 1484.4012096475553,
  "roe": 10.29907027368402,
  "cached_at": "2025-06-09T15:57:56.229980"
}