{
  "ticker": "139670",
  "name": "키네마스터",
  "market": "KOSDAQ",
  "quarter": "2025Q1",
  "year": 2025,
  "quarter_num": 1,
  "revenue": 3149991064,
  "operating_profit": 281047872,
  "net_income": 1817462933,
  "total_assets": 25809457068,
  "total_debt": 2060449198,
  "total_equity": 23749007870,
  "data_source": "f_data_financial",
  "revenue_yoy": -3.7974566160244527,
  "operating_profit_yoy": 451.3228081177303,
  "net_income_yoy": 73.43572923608363,
  "debt_ratio": 8.675937998246997,
  "operating_margin": 8.922179977333421,
  "net_margin": 57.69739964570262,
  "roe": 30.611180777717262,
  "cached_at": "2025-06-09T16:36:56.894778"
}