{
  "ticker": "140070",
  "name": "서플러스글로벌",
  "market": "KOSDAQ",
  "quarter": "2025Q1",
  "year": 2025,
  "quarter_num": 1,
  "revenue": 51893780562,
  "operating_profit": -2973833774,
  "net_income": -2996732044,
  "total_assets": 413027387752,
  "total_debt": 222892544965,
  "total_equity": 190134842787,
  "data_source": "f_data_financial",
  "revenue_yoy": 28.672298267275863,
  "operating_profit_yoy": -365.88828470718795,
  "debt_ratio": 117.22866871628419,
  "operating_margin": -5.730616929030671,
  "net_margin": -5.774742197515673,
  "roe": -6.304435315639884,
  "cached_at": "2025-06-09T16:17:34.473388"
}