{
  "ticker": "145020",
  "name": "휴젤",
  "market": "KOSDAQ",
  "quarter": "2025Q1",
  "year": 2025,
  "quarter_num": 1,
  "revenue": 89820459818,
  "operating_profit": 38953576820,
  "net_income": 30887166046,
  "total_assets": 973017752472,
  "total_debt": 94755953165,
  "total_equity": 878261799307,
  "data_source": "f_data_financial",
  "revenue_yoy": 20.878804645636162,
  "operating_profit_yoy": 62.608019449289884,
  "net_income_yoy": 35.90815955276947,
  "debt_ratio": 10.789032750800272,
  "operating_margin": 43.36826698385896,
  "net_margin": 34.38767304084789,
  "roe": 14.067407267569548,
  "cached_at": "2025-06-09T16:42:08.907385"
}