{
  "ticker": "145990",
  "name": "삼양사",
  "market": "KOSPI",
  "quarter": "2025Q1",
  "year": 2025,
  "quarter_num": 1,
  "revenue": 619981449599,
  "operating_profit": 24081205598,
  "net_income": 33720957186,
  "total_assets": 3399729757725,
  "total_debt": 1417088547479,
  "total_equity": 1982641210246,
  "data_source": "f_data_financial",
  "revenue_yoy": -6.039457504184487,
  "operating_profit_yoy": -16.2196512912944,
  "net_income_yoy": -18.264649391182452,
  "debt_ratio": 71.4747852589613,
  "operating_margin": 3.8841816337530046,
  "net_margin": 5.439026797948632,
  "roe": 6.803239438731532,
  "cached_at": "2025-06-09T16:00:58.520190"
}