{
  "ticker": "148250",
  "name": "알엔투테크놀로지",
  "market": "KOSDAQ",
  "quarter": "2025Q1",
  "year": 2025,
  "quarter_num": 1,
  "revenue": 4554895506,
  "operating_profit": -213725339,
  "net_income": -1231589248,
  "total_assets": 59883748853,
  "total_debt": 17841706253,
  "total_equity": 42042042600,
  "data_source": "f_data_financial",
  "revenue_yoy": 10.266014692863523,
  "debt_ratio": 42.43777216714014,
  "operating_margin": -4.692211681222265,
  "net_margin": -27.03880355493714,
  "roe": -11.717691832603776,
  "cached_at": "2025-06-09T16:21:53.395958"
}