{
  "ticker": "148930",
  "name": "에이치와이티씨",
  "market": "KOSDAQ",
  "quarter": "2025Q1",
  "year": 2025,
  "quarter_num": 1,
  "revenue": 6590897942,
  "operating_profit": -397605258,
  "net_income": 193596781,
  "total_assets": 72381642430,
  "total_debt": 10833131292,
  "total_equity": 61548511138,
  "data_source": "f_data_financial",
  "revenue_yoy": -14.837296870398852,
  "operating_profit_yoy": -312.09828577134846,
  "net_income_yoy": -79.50137352610467,
  "debt_ratio": 17.600964006603945,
  "operating_margin": -6.032641705256737,
  "net_margin": 2.937335439019911,
  "roe": 1.2581736092100106,
  "cached_at": "2025-06-09T16:23:29.319738"
}