{
  "ticker": "153710",
  "name": "옵티팜",
  "market": "KOSDAQ",
  "quarter": "2025Q1",
  "year": 2025,
  "quarter_num": 1,
  "revenue": 4918025596,
  "operating_profit": -1133953937,
  "net_income": -1138445414,
  "total_assets": 43937281922,
  "total_debt": 17564083651,
  "total_equity": 26373198271,
  "data_source": "f_data_financial",
  "revenue_yoy": 14.372972615599355,
  "debt_ratio": 66.598231547493,
  "operating_margin": -23.05709709852433,
  "net_margin": -23.148423931057557,
  "roe": -17.266702389324333,
  "cached_at": "2025-06-09T16:26:20.424722"
}