{
  "ticker": "159910",
  "name": "에코글로우",
  "market": "KOSDAQ",
  "quarter": "2025Q1",
  "year": 2025,
  "quarter_num": 1,
  "revenue": 4675971185,
  "operating_profit": -881669379,
  "net_income": -1154431992,
  "total_assets": 29090390204,
  "total_debt": 15577126625,
  "total_equity": 13513263579,
  "data_source": "f_data_financial",
  "revenue_yoy": 10.951610057208683,
  "debt_ratio": 115.27286901446445,
  "operating_margin": -18.855321047065008,
  "net_margin": -24.688603636038017,
  "roe": -34.17181897625443,
  "cached_at": "2025-06-09T16:23:43.970921"
}