{
  "ticker": "161000",
  "name": "애경케미칼",
  "market": "KOSPI",
  "quarter": "2025Q1",
  "year": 2025,
  "quarter_num": 1,
  "revenue": 370014875000,
  "operating_profit": 3483245000,
  "net_income": -1441396000,
  "total_assets": 1442426733000,
  "total_debt": 716225386000,
  "total_equity": 726201347000,
  "data_source": "f_data_financial",
  "revenue_yoy": -9.006360160481375,
  "operating_profit_yoy": 279.30673042654354,
  "debt_ratio": 98.62628167226465,
  "operating_margin": 0.9413797215584915,
  "net_margin": -0.3895508254904617,
  "roe": -0.7939373871747997,
  "cached_at": "2025-06-09T16:02:12.692704"
}