{
  "ticker": "162300",
  "name": "신스틸",
  "market": "KOSDAQ",
  "quarter": "2025Q1",
  "year": 2025,
  "quarter_num": 1,
  "revenue": 95230398136,
  "operating_profit": 1966443947,
  "net_income": 2194200688,
  "total_assets": 226761491761,
  "total_debt": 144153708191,
  "total_equity": 82607783570,
  "data_source": "f_data_financial",
  "revenue_yoy": 6.192382379546757,
  "operating_profit_yoy": -40.47492275907667,
  "net_income_yoy": 26.251448854601843,
  "debt_ratio": 174.50378397920258,
  "operating_margin": 2.0649330313538026,
  "net_margin": 2.3040969385284185,
  "roe": 10.624668006693017,
  "cached_at": "2025-06-09T16:19:29.819316"
}