{
  "ticker": "163560",
  "name": "동일고무벨트",
  "market": "KOSPI",
  "quarter": "2025Q1",
  "year": 2025,
  "quarter_num": 1,
  "revenue": 87423540762,
  "operating_profit": 2817025107,
  "net_income": 1847913747,
  "total_assets": 340552087493,
  "total_debt": 112102586953,
  "total_equity": 228449500540,
  "data_source": "f_data_financial",
  "revenue_yoy": 1.8257744608784376,
  "operating_profit_yoy": -38.79551405177424,
  "net_income_yoy": -59.389141790638014,
  "debt_ratio": 49.07105801851888,
  "operating_margin": 3.222272951251208,
  "net_margin": 2.1137484605327543,
  "roe": 3.2355750266592374,
  "cached_at": "2025-06-09T15:59:31.674693"
}