{
  "ticker": "166480",
  "name": "코아스템켐온",
  "market": "KOSDAQ",
  "quarter": "2025Q1",
  "year": 2025,
  "quarter_num": 1,
  "revenue": 6117855667,
  "operating_profit": -3863092052,
  "net_income": -1786164816,
  "total_assets": 117386424379,
  "total_debt": 68801493447,
  "total_equity": 48584930932,
  "data_source": "f_data_financial",
  "revenue_yoy": -27.116513904467975,
  "debt_ratio": 141.61076722182713,
  "operating_margin": -63.14454381193887,
  "net_margin": -29.195929312858045,
  "roe": -14.705504622410071,
  "cached_at": "2025-06-09T16:36:12.936789"
}