{
  "ticker": "174880",
  "name": "장원테크",
  "market": "KOSDAQ",
  "quarter": "2025Q1",
  "year": 2025,
  "quarter_num": 1,
  "revenue": 17470631130,
  "operating_profit": 695274923,
  "net_income": 1705186120,
  "total_assets": 87786758882,
  "total_debt": 14033023187,
  "total_equity": 73753735695,
  "data_source": "f_data_financial",
  "revenue_yoy": -8.331435337018355,
  "operating_profit_yoy": -39.89537739266423,
  "net_income_yoy": 15.522445457781341,
  "debt_ratio": 19.026864273061282,
  "operating_margin": 3.9796783403325167,
  "net_margin": 9.760300628589826,
  "roe": 9.247998648104275,
  "cached_at": "2025-06-09T16:33:29.046571"
}