{
  "ticker": "177350",
  "name": "베셀",
  "market": "KOSDAQ",
  "quarter": "2025Q1",
  "year": 2025,
  "quarter_num": 1,
  "revenue": 4116382589,
  "operating_profit": -1142338662,
  "net_income": -1380250395,
  "total_assets": 52469257198,
  "total_debt": 32312220225,
  "total_equity": 20157036973,
  "data_source": "f_data_financial",
  "revenue_yoy": -42.019977094346025,
  "debt_ratio": 160.30243070090935,
  "operating_margin": -27.751032303280397,
  "net_margin": -33.53066351724383,
  "roe": -27.38994618800018,
  "cached_at": "2025-06-09T16:15:29.683667"
}