{
  "ticker": "177900",
  "name": "쓰리에이로직스",
  "market": "KOSDAQ",
  "quarter": "2025Q1",
  "year": 2025,
  "quarter_num": 1,
  "revenue": 4033156927,
  "operating_profit": 103810898,
  "net_income": -163448330,
  "total_assets": 73274905814,
  "total_debt": 22866116787,
  "total_equity": 50408789027,
  "data_source": "f_data_financial",
  "debt_ratio": 45.361368976256166,
  "operating_margin": 2.573936493892344,
  "net_margin": -4.052615183549985,
  "roe": -1.2969827933176785,
  "cached_at": "2025-06-09T16:20:10.893429"
}