{
  "ticker": "178780",
  "name": "일월지엠엘",
  "market": "KOSDAQ",
  "quarter": "2025Q1",
  "year": 2025,
  "quarter_num": 1,
  "revenue": 4540174068,
  "operating_profit": -162610679,
  "net_income": 31747201,
  "total_assets": 43624382094,
  "total_debt": 10204447097,
  "total_equity": 33419934997,
  "data_source": "f_data_financial",
  "revenue_yoy": 27.3607746128687,
  "debt_ratio": 30.5340124028249,
  "operating_margin": -3.581595695771019,
  "net_margin": 0.6992507451148237,
  "roe": 0.3799792070553081,
  "cached_at": "2025-06-09T16:33:18.809194"
}