{
  "ticker": "179290",
  "name": "엠아이텍",
  "market": "KOSDAQ",
  "quarter": "2025Q1",
  "year": 2025,
  "quarter_num": 1,
  "revenue": 17248711987,
  "operating_profit": 6665044511,
  "net_income": 5807331556,
  "total_assets": 124974991644,
  "total_debt": 13571686902,
  "total_equity": 111403304742,
  "data_source": "f_data_financial",
  "revenue_yoy": 29.99677932632141,
  "operating_profit_yoy": 22.62193512052386,
  "net_income_yoy": 3.210818528181192,
  "debt_ratio": 12.18248142048461,
  "operating_margin": 38.64082440487908,
  "net_margin": 33.66820409765591,
  "roe": 20.851559366032294,
  "cached_at": "2025-06-09T16:24:50.080868"
}