{
  "ticker": "180640",
  "name": "한진칼",
  "market": "KOSPI",
  "quarter": "2025Q1",
  "year": 2025,
  "quarter_num": 1,
  "revenue": 62668004000,
  "operating_profit": 6753069000,
  "net_income": 73094820000,
  "total_assets": 4359889715000,
  "total_debt": 1001484127000,
  "total_equity": 3358405588000,
  "data_source": "f_data_financial",
  "revenue_yoy": -10.163952174931367,
  "operating_profit_yoy": -47.52258310739118,
  "net_income_yoy": -34.223744549135525,
  "debt_ratio": 29.820225721944578,
  "operating_margin": 10.775943972940322,
  "net_margin": 116.63818110434792,
  "roe": 8.705895471491218,
  "cached_at": "2025-06-09T16:05:19.493618"
}