{
  "ticker": "187220",
  "name": "디티앤씨",
  "market": "KOSDAQ",
  "quarter": "2025Q1",
  "year": 2025,
  "quarter_num": 1,
  "revenue": 28905595480,
  "operating_profit": -613599353,
  "net_income": -2750976946,
  "total_assets": 255687507080,
  "total_debt": 143057438180,
  "total_equity": 112630068900,
  "data_source": "f_data_financial",
  "revenue_yoy": -1.28388782193245,
  "debt_ratio": 127.01531622697959,
  "operating_margin": -2.1227701516287873,
  "net_margin": -9.517108713098201,
  "roe": -9.769955653467598,
  "cached_at": "2025-06-09T16:12:58.532084"
}