{
  "ticker": "187790",
  "name": "나노",
  "market": "KOSDAQ",
  "quarter": "2025Q1",
  "year": 2025,
  "quarter_num": 1,
  "revenue": 13661873172,
  "operating_profit": -263606228,
  "net_income": 3378696111,
  "total_assets": 86964509660,
  "total_debt": 50967078501,
  "total_equity": 35997431159,
  "data_source": "f_data_financial",
  "revenue_yoy": -27.164261186537285,
  "operating_profit_yoy": -130.45534704216658,
  "net_income_yoy": 308.43245427334597,
  "debt_ratio": 141.58532111883022,
  "operating_margin": -1.9295028191321582,
  "net_margin": 24.730840847832166,
  "roe": 37.543746897675675,
  "cached_at": "2025-06-09T16:09:28.333410"
}