{
  "ticker": "188260",
  "name": "세니젠",
  "market": "KOSDAQ",
  "quarter": "2025Q1",
  "year": 2025,
  "quarter_num": 1,
  "revenue": 7676264486,
  "operating_profit": -890960249,
  "net_income": -903774750,
  "total_assets": 16065276914,
  "total_debt": 6829213944,
  "total_equity": 9236062970,
  "data_source": "f_data_financial",
  "revenue_yoy": 62.239883375608265,
  "debt_ratio": 73.94074689813424,
  "operating_margin": -11.606690345609334,
  "net_margin": -11.773627024554818,
  "roe": -39.141125517900186,
  "cached_at": "2025-06-09T16:17:56.997272"
}