{
  "ticker": "189860",
  "name": "서전기전",
  "market": "KOSDAQ",
  "quarter": "2025Q1",
  "year": 2025,
  "quarter_num": 1,
  "revenue": 4403456568,
  "operating_profit": -4627176235,
  "net_income": -4693233732,
  "total_assets": 64787580462,
  "total_debt": 38005314173,
  "total_equity": 26782266289,
  "data_source": "f_data_financial",
  "revenue_yoy": -16.139383952893816,
  "debt_ratio": 141.90477296766153,
  "operating_margin": -105.0805466920186,
  "net_margin": -106.58067496579429,
  "roe": -70.09464667936041,
  "cached_at": "2025-06-09T16:17:31.311635"
}