{
  "ticker": "189980",
  "name": "흥국에프엔비",
  "market": "KOSDAQ",
  "quarter": "2025Q1",
  "year": 2025,
  "quarter_num": 1,
  "revenue": 24273427348,
  "operating_profit": 2191108654,
  "net_income": 1410415944,
  "total_assets": 217077501331,
  "total_debt": 121297813204,
  "total_equity": 95779688127,
  "data_source": "f_data_financial",
  "revenue_yoy": 7.850657227545943,
  "operating_profit_yoy": 18.68723316738816,
  "net_income_yoy": 68.40811702138923,
  "debt_ratio": 126.64252262250426,
  "operating_margin": 9.026779047667265,
  "net_margin": 5.810534803261768,
  "roe": 5.890250726771402,
  "cached_at": "2025-06-09T16:42:13.077975"
}