{
  "ticker": "192390",
  "name": "윈하이텍",
  "market": "KOSDAQ",
  "quarter": "2025Q1",
  "year": 2025,
  "quarter_num": 1,
  "revenue": 19349893001,
  "operating_profit": -424540988,
  "net_income": -1039609591,
  "total_assets": 157446985401,
  "total_debt": 79334722548,
  "total_equity": 78112262853,
  "data_source": "f_data_financial",
  "revenue_yoy": -39.38896703938409,
  "operating_profit_yoy": -109.52076096815053,
  "net_income_yoy": -134.14713926277386,
  "debt_ratio": 101.56500356070923,
  "operating_margin": -2.1940224061087044,
  "net_margin": -5.372689094178831,
  "roe": -5.323669052867913,
  "cached_at": "2025-06-09T16:31:01.392473"
}