{
  "ticker": "196450",
  "name": "코아시아씨엠",
  "market": "KOSDAQ",
  "quarter": "2025Q1",
  "year": 2025,
  "quarter_num": 1,
  "revenue": 77710331657,
  "operating_profit": 907576796,
  "net_income": 586278233,
  "total_assets": 141948821924,
  "total_debt": 77226423360,
  "total_equity": 64722398564,
  "data_source": "f_data_financial",
  "revenue_yoy": -4.096697084345157,
  "debt_ratio": 119.31947065224342,
  "operating_margin": 1.167897210895827,
  "net_margin": 0.7544405235429067,
  "roe": 3.6233405807435615,
  "cached_at": "2025-06-09T16:36:14.941858"
}