{
  "ticker": "203650",
  "name": "드림시큐리티",
  "market": "KOSDAQ",
  "quarter": "2025Q1",
  "year": 2025,
  "quarter_num": 1,
  "revenue": 74176576537,
  "operating_profit": 5934440074,
  "net_income": 686373299,
  "total_assets": 544867022824,
  "total_debt": 397225448719,
  "total_equity": 147641574105,
  "data_source": "f_data_financial",
  "revenue_yoy": 14.010052960739007,
  "operating_profit_yoy": -8.459175973083555,
  "net_income_yoy": -73.72336300941794,
  "debt_ratio": 269.04715093087566,
  "operating_margin": 8.000423248220203,
  "net_margin": 0.9253235064813625,
  "roe": 1.8595664619827579,
  "cached_at": "2025-06-09T16:12:23.961247"
}