{
  "ticker": "206400",
  "name": "베노티앤알",
  "market": "KOSDAQ",
  "quarter": "2025Q1",
  "year": 2025,
  "quarter_num": 1,
  "revenue": 1204888183,
  "operating_profit": -2287079487,
  "net_income": -15999138906,
  "total_assets": 85468351022,
  "total_debt": 5979692439,
  "total_equity": 79488658583,
  "data_source": "f_data_financial",
  "revenue_yoy": -69.82147880373932,
  "debt_ratio": 7.522698892642854,
  "operating_margin": -189.81674144280325,
  "net_margin": -1327.8525867989194,
  "roe": -80.51029765104974,
  "cached_at": "2025-06-09T16:15:27.563129"
}