{
  "ticker": "206640",
  "name": "바디텍메드",
  "market": "KOSDAQ",
  "quarter": "2025Q1",
  "year": 2025,
  "quarter_num": 1,
  "revenue": 39101067843,
  "operating_profit": 8079932848,
  "net_income": 7258565075,
  "total_assets": 259040925953,
  "total_debt": 32274850105,
  "total_equity": 226766075848,
  "data_source": "f_data_financial",
  "revenue_yoy": 18.143568797324548,
  "operating_profit_yoy": 36.95206144557035,
  "net_income_yoy": 10.971229560059603,
  "debt_ratio": 14.23266244049381,
  "operating_margin": 20.664225540956664,
  "net_margin": 18.563598068842644,
  "roe": 12.803617203951395,
  "cached_at": "2025-06-09T16:14:59.765855"
}