{
  "ticker": "206650",
  "name": "유바이오로직스",
  "market": "KOSDAQ",
  "quarter": "2025Q1",
  "year": 2025,
  "quarter_num": 1,
  "revenue": 39510692241,
  "operating_profit": 16910300644,
  "net_income": 15695595564,
  "total_assets": 217917129836,
  "total_debt": 70001339435,
  "total_equity": 147915790401,
  "data_source": "f_data_financial",
  "revenue_yoy": 160.1224299009007,
  "operating_profit_yoy": 611.71108078854,
  "debt_ratio": 47.32512955190668,
  "operating_margin": 42.79930237833769,
  "net_margin": 39.72493184443065,
  "roe": 42.444678885058075,
  "cached_at": "2025-06-09T16:31:16.073726"
}