{
  "ticker": "210980",
  "name": "SK디앤디",
  "market": "KOSPI",
  "quarter": "2025Q1",
  "year": 2025,
  "quarter_num": 1,
  "revenue": 90681014051,
  "operating_profit": 7139754278,
  "net_income": 6253705344,
  "total_assets": 1487385264289,
  "total_debt": 920761912277,
  "total_equity": 566623352012,
  "data_source": "f_data_financial",
  "revenue_yoy": 79.2006872936344,
  "net_income_yoy": 206.81938481990244,
  "debt_ratio": 162.49981738442364,
  "operating_margin": 7.873483057858753,
  "net_margin": 6.896377824450493,
  "roe": 4.414717693362951,
  "cached_at": "2025-06-09T15:57:33.497516"
}