{
  "ticker": "211270",
  "name": "AP위성",
  "market": "KOSDAQ",
  "quarter": "2025Q1",
  "year": 2025,
  "quarter_num": 1,
  "revenue": 10214584779,
  "operating_profit": -779128423,
  "net_income": -138317601,
  "total_assets": 134234199440,
  "total_debt": 28760840615,
  "total_equity": 105473358825,
  "data_source": "f_data_financial",
  "revenue_yoy": -27.877892136782677,
  "operating_profit_yoy": -121.81574701141943,
  "net_income_yoy": -103.35966962382935,
  "debt_ratio": 27.268346182773612,
  "operating_margin": -7.627607385488616,
  "net_margin": -1.3541186841423543,
  "roe": -0.5245593865252541,
  "cached_at": "2025-06-09T16:06:09.375489"
}