{
  "ticker": "213500",
  "name": "한솔제지",
  "market": "KOSPI",
  "quarter": "2025Q1",
  "year": 2025,
  "quarter_num": 1,
  "revenue": 575596236435,
  "operating_profit": 20338100882,
  "net_income": 6712425981,
  "total_assets": 2047963631429,
  "total_debt": 1361227634973,
  "total_equity": 686735996456,
  "data_source": "f_data_financial",
  "revenue_yoy": 7.7674598601191525,
  "operating_profit_yoy": -40.12971062818441,
  "net_income_yoy": -71.67084624156507,
  "debt_ratio": 198.21702109658023,
  "operating_margin": 3.533397127119108,
  "net_margin": 1.1661691922403683,
  "roe": 3.9097563055616367,
  "cached_at": "2025-06-09T16:05:08.304265"
}