{
  "ticker": "214430",
  "name": "아이쓰리시스템",
  "market": "KOSDAQ",
  "quarter": "2025Q1",
  "year": 2025,
  "quarter_num": 1,
  "revenue": 38106823084,
  "operating_profit": 5789292015,
  "net_income": 5013328686,
  "total_assets": 158348583943,
  "total_debt": 45665777356,
  "total_equity": 112682806587,
  "data_source": "f_data_financial",
  "revenue_yoy": 20.203809612783232,
  "operating_profit_yoy": 42.18773878112063,
  "net_income_yoy": 25.054777685292585,
  "debt_ratio": 40.525949556237244,
  "operating_margin": 15.192271479148214,
  "net_margin": 13.155986986763423,
  "roe": 17.7962506893341,
  "cached_at": "2025-06-09T16:21:03.583071"
}