{
  "ticker": "215090",
  "name": "솔디펜스",
  "market": "KOSDAQ",
  "quarter": "2025Q1",
  "year": 2025,
  "quarter_num": 1,
  "revenue": 5790282228,
  "operating_profit": 246812817,
  "net_income": 434709296,
  "total_assets": 52412747357,
  "total_debt": 4218324871,
  "total_equity": 48194422486,
  "data_source": "f_data_financial",
  "revenue_yoy": 21.424899454058497,
  "operating_profit_yoy": -48.474152435316306,
  "net_income_yoy": -80.86451187847375,
  "debt_ratio": 8.752724181362234,
  "operating_margin": 4.262535180176368,
  "net_margin": 7.507566624263691,
  "roe": 3.6079635242130244,
  "cached_at": "2025-06-09T16:18:38.679861"
}