{
  "ticker": "215200",
  "name": "메가스터디교육",
  "market": "KOSDAQ",
  "quarter": "2025Q1",
  "year": 2025,
  "quarter_num": 1,
  "revenue": 237670325108,
  "operating_profit": 26200644798,
  "net_income": 20824807507,
  "total_assets": 904087022484,
  "total_debt": 435111540910,
  "total_equity": 468975481574,
  "data_source": "f_data_financial",
  "revenue_yoy": -4.699247296471043,
  "operating_profit_yoy": 29.28346245682971,
  "net_income_yoy": 27.01757676075054,
  "debt_ratio": 92.77916607701023,
  "operating_margin": 11.023944527401197,
  "net_margin": 8.762056221169798,
  "roe": 17.761958418044962,
  "cached_at": "2025-06-09T16:14:02.497346"
}