{
  "ticker": "217270",
  "name": "넵튠",
  "market": "KOSDAQ",
  "quarter": "2025Q1",
  "year": 2025,
  "quarter_num": 1,
  "revenue": 31586525907,
  "operating_profit": 2373887935,
  "net_income": 7259340852,
  "total_assets": 427678817223,
  "total_debt": 44626863413,
  "total_equity": 383051953810,
  "data_source": "f_data_financial",
  "revenue_yoy": 28.573277465219782,
  "operating_profit_yoy": 228.3391338110707,
  "net_income_yoy": -67.1178993576929,
  "debt_ratio": 11.650342197480516,
  "operating_margin": 7.5155081694942405,
  "net_margin": 22.982397220174292,
  "roe": 7.580528729636242,
  "cached_at": "2025-06-09T16:10:19.124791"
}