{
  "ticker": "220100",
  "name": "퓨쳐켐",
  "market": "KOSDAQ",
  "quarter": "2025Q1",
  "year": 2025,
  "quarter_num": 1,
  "revenue": 5077767840,
  "operating_profit": -1899735180,
  "net_income": -2440238408,
  "total_assets": 73278241598,
  "total_debt": 21193793699,
  "total_equity": 52084447899,
  "data_source": "f_data_financial",
  "revenue_yoy": 47.74495312774769,
  "debt_ratio": 40.691213123921614,
  "operating_margin": -37.412801054724866,
  "net_margin": -48.05730558961514,
  "roe": -18.740629930316313,
  "cached_at": "2025-06-09T16:39:04.849056"
}