{
  "ticker": "221840",
  "name": "하이즈항공",
  "market": "KOSDAQ",
  "quarter": "2025Q1",
  "year": 2025,
  "quarter_num": 1,
  "revenue": 18865887414,
  "operating_profit": 1617949951,
  "net_income": 1013456420,
  "total_assets": 111947886238,
  "total_debt": 70897570189,
  "total_equity": 41050316049,
  "data_source": "f_data_financial",
  "revenue_yoy": -16.46409691173908,
  "debt_ratio": 172.7089508991176,
  "operating_margin": 8.576060672340022,
  "net_margin": 5.3718990141324285,
  "roe": 9.875260583039415,
  "cached_at": "2025-06-09T16:40:20.848689"
}