{
  "ticker": "222110",
  "name": "팬젠",
  "market": "KOSDAQ",
  "quarter": "2025Q1",
  "year": 2025,
  "quarter_num": 1,
  "revenue": 3441287044,
  "operating_profit": 700740071,
  "net_income": 736239038,
  "total_assets": 30906891811,
  "total_debt": 5261939427,
  "total_equity": 25644952384,
  "data_source": "f_data_financial",
  "revenue_yoy": -0.9634168480924243,
  "operating_profit_yoy": 771.1856753288967,
  "net_income_yoy": 1003.5544244797424,
  "debt_ratio": 20.51842151316665,
  "operating_margin": 20.362732374265725,
  "net_margin": 21.394293140517227,
  "roe": 11.48357036465925,
  "cached_at": "2025-06-09T16:38:29.119531"
}