{
  "ticker": "225190",
  "name": "LK삼양",
  "market": "KOSDAQ",
  "quarter": "2025Q1",
  "year": 2025,
  "quarter_num": 1,
  "revenue": 4291257277,
  "operating_profit": -3337877102,
  "net_income": -3444475162,
  "total_assets": 40879808339,
  "total_debt": 16470933297,
  "total_equity": 24408875042,
  "data_source": "f_data_financial",
  "revenue_yoy": -55.214537226543214,
  "operating_profit_yoy": -2167.3884322917997,
  "net_income_yoy": -1081.6907167948893,
  "debt_ratio": 67.47928066598196,
  "operating_margin": -77.78319701058558,
  "net_margin": -80.2672722621753,
  "roe": -56.446274661542425,
  "cached_at": "2025-06-09T16:07:38.670366"
}