{
  "ticker": "225430",
  "name": "케이엠제약",
  "market": "KOSDAQ",
  "quarter": "2025Q1",
  "year": 2025,
  "quarter_num": 1,
  "revenue": 4078475198,
  "operating_profit": -541995548,
  "net_income": -824319466,
  "total_assets": 49579444909,
  "total_debt": 17788653037,
  "total_equity": 31790791872,
  "data_source": "f_data_financial",
  "revenue_yoy": -8.662560620577587,
  "debt_ratio": 55.95536313981378,
  "operating_margin": -13.289171116347193,
  "net_margin": -20.21146202885405,
  "roe": -10.371801612479192,
  "cached_at": "2025-06-09T16:35:39.322960"
}