{
  "ticker": "226360",
  "name": "KH 건설",
  "market": "KOSDAQ",
  "quarter": "2025Q1",
  "year": 2025,
  "quarter_num": 1,
  "revenue": 4888959344,
  "operating_profit": -1758948026,
  "net_income": -1393640948,
  "total_assets": 134382211110,
  "total_debt": 33131654765,
  "total_equity": 101250556345,
  "data_source": "f_data_financial",
  "revenue_yoy": -21.25271384407147,
  "debt_ratio": 32.72244218797927,
  "operating_margin": -35.97796386175062,
  "net_margin": -28.5058813121519,
  "roe": -5.505711764195443,
  "cached_at": "2025-06-09T16:07:26.150764"
}