{
  "ticker": "226400",
  "name": "오스테오닉",
  "market": "KOSDAQ",
  "quarter": "2025Q1",
  "year": 2025,
  "quarter_num": 1,
  "revenue": 9528619458,
  "operating_profit": 1496153200,
  "net_income": 762439345,
  "total_assets": 92294436556,
  "total_debt": 31338736356,
  "total_equity": 60955700200,
  "data_source": "f_data_financial",
  "revenue_yoy": 23.848279468026856,
  "operating_profit_yoy": 28.483860463732725,
  "net_income_yoy": 1739.9858315853085,
  "debt_ratio": 51.41231460417216,
  "operating_margin": 15.701678575733924,
  "net_margin": 8.001571983860414,
  "roe": 5.003235743324296,
  "cached_at": "2025-06-09T16:25:59.592786"
}