{
  "ticker": "227950",
  "name": "엔투텍",
  "market": "KOSDAQ",
  "quarter": "2025Q1",
  "year": 2025,
  "quarter_num": 1,
  "revenue": 5680329738,
  "operating_profit": 190145412,
  "net_income": 11478084426,
  "total_assets": 101389043702,
  "total_debt": 3900286667,
  "total_equity": 97488757035,
  "data_source": "f_data_financial",
  "revenue_yoy": -19.612717068723782,
  "debt_ratio": 4.000755354383824,
  "operating_margin": 3.347436166037585,
  "net_margin": 202.0672206617594,
  "roe": 47.095007773580235,
  "cached_at": "2025-06-09T16:24:33.842091"
}