{
  "ticker": "228760",
  "name": "지노믹트리",
  "market": "KOSDAQ",
  "quarter": "2025Q1",
  "year": 2025,
  "quarter_num": 1,
  "revenue": 316490752,
  "operating_profit": -3728083098,
  "net_income": -2950078960,
  "total_assets": 127979185016,
  "total_debt": 6386450210,
  "total_equity": 121592734806,
  "data_source": "f_data_financial",
  "revenue_yoy": 11.167792457569291,
  "debt_ratio": 5.2523287844372595,
  "operating_margin": -1177.9437706919157,
  "net_margin": -932.1216943489079,
  "roe": -9.70478693387996,
  "cached_at": "2025-06-09T16:34:24.367639"
}