{
  "ticker": "229640",
  "name": "LS에코에너지",
  "market": "KOSPI",
  "quarter": "2025Q1",
  "year": 2025,
  "quarter_num": 1,
  "revenue": 228341552408,
  "operating_profit": 15336531251,
  "net_income": 12742526862,
  "total_assets": 477275718712,
  "total_debt": 274820322006,
  "total_equity": 202455396706,
  "data_source": "f_data_financial",
  "revenue_yoy": 26.9360772524049,
  "operating_profit_yoy": 58.115153480328004,
  "net_income_yoy": 59.903574341099606,
  "debt_ratio": 135.74363858775584,
  "operating_margin": 6.7164872487144756,
  "net_margin": 5.580467824459602,
  "roe": 25.175968770058198,
  "cached_at": "2025-06-09T15:57:02.455174"
}