{
  "ticker": "232140",
  "name": "와이씨",
  "market": "KOSDAQ",
  "quarter": "2025Q1",
  "year": 2025,
  "quarter_num": 1,
  "revenue": 38961048044,
  "operating_profit": -1505413084,
  "net_income": -707383856,
  "total_assets": 591481485620,
  "total_debt": 173335545269,
  "total_equity": 418145940351,
  "data_source": "f_data_financial",
  "revenue_yoy": 14.745019965911311,
  "operating_profit_yoy": -2942.1186313114513,
  "net_income_yoy": -155.8457125126091,
  "debt_ratio": 41.453360786786234,
  "operating_margin": -3.863892681479942,
  "net_margin": -1.8156181404594864,
  "roe": -0.6766860923305466,
  "cached_at": "2025-06-09T16:26:24.151838"
}