{
  "ticker": "238200",
  "name": "비피도",
  "market": "KOSDAQ",
  "quarter": "2025Q1",
  "year": 2025,
  "quarter_num": 1,
  "revenue": 4948244257,
  "operating_profit": 79444964,
  "net_income": 186224573,
  "total_assets": 63170321320,
  "total_debt": 16246345242,
  "total_equity": 46923976078,
  "data_source": "f_data_financial",
  "revenue_yoy": 55.979922873362106,
  "debt_ratio": 34.622695261361265,
  "operating_margin": 1.6055182378600998,
  "net_margin": 3.7634474639476148,
  "roe": 1.5874577439085362,
  "cached_at": "2025-06-09T16:16:22.097983"
}