{
  "ticker": "238490",
  "name": "힘스",
  "market": "KOSDAQ",
  "quarter": "2025Q1",
  "year": 2025,
  "quarter_num": 1,
  "revenue": 0,
  "operating_profit": -4013946486,
  "net_income": -2954479869,
  "total_assets": 100565609135,
  "total_debt": 32837124301,
  "total_equity": 67728484834,
  "data_source": "f_data_financial",
  "operating_profit_yoy": -242.90467504643604,
  "net_income_yoy": -200.43993490982808,
  "debt_ratio": 48.483476902639374,
  "roe": -17.448964796666104,
  "cached_at": "2025-06-09T16:42:15.089873"
}