{
  "ticker": "239340",
  "name": "이스트에이드",
  "market": "KOSDAQ",
  "quarter": "2025Q1",
  "year": 2025,
  "quarter_num": 1,
  "revenue": 4835989631,
  "operating_profit": -1873595678,
  "net_income": -1817461956,
  "total_assets": 37862003054,
  "total_debt": 18482577809,
  "total_equity": 19379425245,
  "data_source": "f_data_financial",
  "revenue_yoy": 6.680499926162975,
  "operating_profit_yoy": -1788.422803456985,
  "net_income_yoy": -493.60759226919794,
  "debt_ratio": 95.37216700360403,
  "operating_margin": -38.74275631175356,
  "net_margin": -37.58200688333941,
  "roe": -37.5132272092314,
  "cached_at": "2025-06-09T16:32:23.702581"
}