{
  "ticker": "240600",
  "name": "유진테크놀로지",
  "market": "KOSDAQ",
  "quarter": "2025Q1",
  "year": 2025,
  "quarter_num": 1,
  "revenue": 4563344478,
  "operating_profit": -2465295664,
  "net_income": -2081431132,
  "total_assets": 62716506146,
  "total_debt": 19174626851,
  "total_equity": 43541879295,
  "data_source": "f_data_financial",
  "revenue_yoy": -59.85067771025059,
  "operating_profit_yoy": -562.1035246988189,
  "net_income_yoy": -332.7332327248453,
  "debt_ratio": 44.03720547083015,
  "operating_margin": -54.02387822977759,
  "net_margin": -45.611966005078784,
  "roe": -19.121187837558633,
  "cached_at": "2025-06-09T16:31:45.917464"
}