{
  "ticker": "241770",
  "name": "메카로",
  "market": "KOSDAQ",
  "quarter": "2025Q1",
  "year": 2025,
  "quarter_num": 1,
  "revenue": 21506647803,
  "operating_profit": 3310502140,
  "net_income": 4060641415,
  "total_assets": 212418623416,
  "total_debt": 17286631143,
  "total_equity": 195131992273,
  "data_source": "f_data_financial",
  "revenue_yoy": 66.88853281195762,
  "debt_ratio": 8.85894257606671,
  "operating_margin": 15.392924877573028,
  "net_margin": 18.880866289322757,
  "roe": 8.323886550225854,
  "cached_at": "2025-06-09T16:14:15.753769"
}