{
  "ticker": "242040",
  "name": "나무기술",
  "market": "KOSDAQ",
  "quarter": "2025Q1",
  "year": 2025,
  "quarter_num": 1,
  "revenue": 17015681780,
  "operating_profit": -663671401,
  "net_income": -1347287677,
  "total_assets": 100642099886,
  "total_debt": 61171402383,
  "total_equity": 39470697503,
  "data_source": "f_data_financial",
  "revenue_yoy": 6.22863201243764,
  "debt_ratio": 154.97927894066382,
  "operating_margin": -3.9003515085717595,
  "net_margin": -7.917917685693814,
  "roe": -13.653548198864218,
  "cached_at": "2025-06-09T16:09:41.702946"
}