{
  "ticker": "245620",
  "name": "EDGC",
  "market": "KOSDAQ",
  "quarter": "2025Q1",
  "year": 2025,
  "quarter_num": 1,
  "revenue": 4906455011,
  "operating_profit": -1522254429,
  "net_income": -524747639,
  "total_assets": 133576720347,
  "total_debt": 129927027668,
  "total_equity": 3649692679,
  "data_source": "f_data_financial",
  "revenue_yoy": -49.457883902450426,
  "debt_ratio": 3559.9443321786603,
  "operating_margin": -31.025545441407086,
  "net_margin": -10.695046379178958,
  "roe": -57.511432896183315,
  "cached_at": "2025-06-09T16:06:33.766411"
}