{
  "ticker": "246690",
  "name": "TS인베스트먼트",
  "market": "KOSDAQ",
  "quarter": "2025Q1",
  "year": 2025,
  "quarter_num": 1,
  "revenue": 3131956316,
  "operating_profit": 867177081,
  "net_income": 406868880,
  "total_assets": 111597919904,
  "total_debt": 24342705638,
  "total_equity": 87255214266,
  "data_source": "f_data_financial",
  "revenue_yoy": -35.076015380843295,
  "debt_ratio": 27.898281888106503,
  "operating_margin": 27.68803244700173,
  "net_margin": 12.99088617301136,
  "roe": 1.8651899874299716,
  "cached_at": "2025-06-09T16:08:21.112303"
}