{
  "ticker": "250000",
  "name": "보라티알",
  "market": "KOSDAQ",
  "quarter": "2025Q1",
  "year": 2025,
  "quarter_num": 1,
  "revenue": 22923931958,
  "operating_profit": 2175200081,
  "net_income": -509036858,
  "total_assets": 183736393114,
  "total_debt": 91970579107,
  "total_equity": 91765814007,
  "data_source": "f_data_financial",
  "revenue_yoy": 17.72340418452829,
  "operating_profit_yoy": -31.959909637908723,
  "net_income_yoy": -120.94724452379153,
  "debt_ratio": 100.22313876056761,
  "operating_margin": 9.488773937146929,
  "net_margin": -2.220547761756709,
  "roe": -2.2188518175675753,
  "cached_at": "2025-06-09T16:15:34.375463"
}