{
  "ticker": "252500",
  "name": "세화피앤씨",
  "market": "KOSDAQ",
  "quarter": "2025Q1",
  "year": 2025,
  "quarter_num": 1,
  "revenue": 8689536962,
  "operating_profit": -357432302,
  "net_income": -170700216,
  "total_assets": 45465256387,
  "total_debt": 6431122259,
  "total_equity": 39034134128,
  "data_source": "f_data_financial",
  "revenue_yoy": -9.132756421179344,
  "net_income_yoy": -255.9713657767496,
  "debt_ratio": 16.47563703580867,
  "operating_margin": -4.113364193777855,
  "net_margin": -1.964433970952479,
  "roe": -1.7492404513469475,
  "cached_at": "2025-06-09T16:18:12.791881"
}