{
  "ticker": "253450",
  "name": "스튜디오드래곤",
  "market": "KOSDAQ",
  "quarter": "2025Q1",
  "year": 2025,
  "quarter_num": 1,
  "revenue": 133800053446,
  "operating_profit": 4273548496,
  "net_income": 2366359888,
  "total_assets": 929778916363,
  "total_debt": 191187532349,
  "total_equity": 738591384014,
  "data_source": "f_data_financial",
  "revenue_yoy": -30.338092365508118,
  "operating_profit_yoy": -80.14646815073317,
  "net_income_yoy": -88.28308696851074,
  "debt_ratio": 25.88542683912165,
  "operating_margin": 3.1939811576568244,
  "net_margin": 1.7685791799440742,
  "roe": 1.2815529339861056,
  "cached_at": "2025-06-09T16:19:01.518619"
}