{
  "ticker": "254120",
  "name": "자비스",
  "market": "KOSDAQ",
  "quarter": "2025Q1",
  "year": 2025,
  "quarter_num": 1,
  "revenue": 4879910261,
  "operating_profit": -483475313,
  "net_income": -465276598,
  "total_assets": 37187284493,
  "total_debt": 8871173581,
  "total_equity": 28316110912,
  "data_source": "f_data_financial",
  "revenue_yoy": -56.94707344434327,
  "operating_profit_yoy": -180.24267996366333,
  "net_income_yoy": -214.09101948832213,
  "debt_ratio": 31.32906778254111,
  "operating_margin": -9.907463193819579,
  "net_margin": -9.534531848228182,
  "roe": -6.572605954906355,
  "cached_at": "2025-06-09T16:33:25.013010"
}