{
  "ticker": "255440",
  "name": "야스",
  "market": "KOSDAQ",
  "quarter": "2025Q1",
  "year": 2025,
  "quarter_num": 1,
  "revenue": 4030754304,
  "operating_profit": -4708127473,
  "net_income": -5068876015,
  "total_assets": 169734820315,
  "total_debt": 37460734020,
  "total_equity": 132274086295,
  "data_source": "f_data_financial",
  "revenue_yoy": -40.82150835320068,
  "debt_ratio": 28.320538866890686,
  "operating_margin": -116.8051217690891,
  "net_margin": -125.75502332081614,
  "roe": -15.32840228038409,
  "cached_at": "2025-06-09T16:22:12.731647"
}