{
  "ticker": "257370",
  "name": "피엔티엠에스",
  "market": "KOSDAQ",
  "quarter": "2025Q1",
  "year": 2025,
  "quarter_num": 1,
  "revenue": 4174600000,
  "operating_profit": 123366941,
  "net_income": 138739643,
  "total_assets": 58998578332,
  "total_debt": 30712616022,
  "total_equity": 28285962310,
  "data_source": "f_data_financial",
  "revenue_yoy": -9.869619612497726,
  "operating_profit_yoy": 196.41759746871307,
  "net_income_yoy": 14.541108780930244,
  "debt_ratio": 108.57900355450201,
  "operating_margin": 2.955179921429598,
  "net_margin": 3.323423633402003,
  "roe": 1.9619575460008452,
  "cached_at": "2025-06-09T16:39:36.278721"
}