{
  "ticker": "257720",
  "name": "실리콘투",
  "market": "KOSDAQ",
  "quarter": "2025Q1",
  "year": 2025,
  "quarter_num": 1,
  "revenue": 245676632694,
  "operating_profit": 47729228743,
  "net_income": 38785002012,
  "total_assets": 590487014088,
  "total_debt": 263239372478,
  "total_equity": 327247641610,
  "data_source": "f_data_financial",
  "revenue_yoy": 63.86398030707019,
  "operating_profit_yoy": 62.07291873804148,
  "net_income_yoy": 51.886314480251,
  "debt_ratio": 80.44041851085902,
  "operating_margin": 19.4276631927175,
  "net_margin": 15.787013028751604,
  "roe": 47.40752516496035,
  "cached_at": "2025-06-09T16:19:53.405987"
}