{
  "ticker": "258790",
  "name": "소프트캠프",
  "market": "KOSDAQ",
  "quarter": "2025Q1",
  "year": 2025,
  "quarter_num": 1,
  "revenue": 4011086277,
  "operating_profit": -603250349,
  "net_income": -231130154,
  "total_assets": 37168283764,
  "total_debt": 25779716763,
  "total_equity": 11388567001,
  "data_source": "f_data_financial",
  "revenue_yoy": 28.551868848024007,
  "debt_ratio": 226.36488647550084,
  "operating_margin": -15.039575500011114,
  "net_margin": -5.762283282843482,
  "roe": -8.1179714350262,
  "cached_at": "2025-06-09T16:18:36.077479"
}