{
  "ticker": "258830",
  "name": "세종메디칼",
  "market": "KOSDAQ",
  "quarter": "2025Q1",
  "year": 2025,
  "quarter_num": 1,
  "revenue": 4442009230,
  "operating_profit": -293105468,
  "net_income": 2145529680,
  "total_assets": 46462271989,
  "total_debt": 22314559727,
  "total_equity": 24147712262,
  "data_source": "f_data_financial",
  "revenue_yoy": -12.235365189582836,
  "debt_ratio": 92.4085871360794,
  "operating_margin": -6.59848849526141,
  "net_margin": 48.30088297677851,
  "roe": 35.54009020351479,
  "cached_at": "2025-06-09T16:18:05.848898"
}