{
  "ticker": "262840",
  "name": "아이퀘스트",
  "market": "KOSDAQ",
  "quarter": "2025Q1",
  "year": 2025,
  "quarter_num": 1,
  "revenue": 9781553027,
  "operating_profit": 1026804809,
  "net_income": 2407876492,
  "total_assets": 64632778686,
  "total_debt": 8931869863,
  "total_equity": 55700908823,
  "data_source": "f_data_financial",
  "revenue_yoy": 4.658480841357249,
  "net_income_yoy": 1138.2528004757437,
  "debt_ratio": 16.035411363542877,
  "operating_margin": 10.497359735879495,
  "net_margin": 24.616505020762485,
  "roe": 17.291470052321593,
  "cached_at": "2025-06-09T16:21:25.168818"
}