{
  "ticker": "263750",
  "name": "펄어비스",
  "market": "KOSDAQ",
  "quarter": "2025Q1",
  "year": 2025,
  "quarter_num": 1,
  "revenue": 83685012713,
  "operating_profit": -5242125423,
  "net_income": 499252430,
  "total_assets": 1138127615406,
  "total_debt": 330409623220,
  "total_equity": 807717992186,
  "data_source": "f_data_financial",
  "operating_profit_yoy": -992.0716537352442,
  "net_income_yoy": -96.10008357801658,
  "debt_ratio": 40.906557290593796,
  "operating_margin": -6.264114986727683,
  "net_margin": 0.5965852352944004,
  "roe": 0.24724096025090547,
  "cached_at": "2025-06-09T16:38:31.258758"
}