{
  "ticker": "263720",
  "name": "디앤씨미디어",
  "market": "KOSDAQ",
  "quarter": "2025Q1",
  "year": 2025,
  "quarter_num": 1,
  "revenue": 18107954932,
  "operating_profit": 1407793854,
  "net_income": 1826449291,
  "total_assets": 116213550551,
  "total_debt": 26252483003,
  "total_equity": 89961067548,
  "data_source": "f_data_financial",
  "revenue_yoy": -9.11883574022453,
  "operating_profit_yoy": -44.05008735306676,
  "net_income_yoy": -13.609731999883124,
  "debt_ratio": 29.182049211446515,
  "operating_margin": 7.774449733758592,
  "net_margin": 10.086447077313721,
  "roe": 8.121065437670454,
  "cached_at": "2025-06-09T16:12:35.977506"
}