{
  "ticker": "267260",
  "name": "HD현대일렉트릭",
  "market": "KOSPI",
  "quarter": "2025Q1",
  "year": 2025,
  "quarter_num": 1,
  "revenue": 1014667829225,
  "operating_profit": 218178415835,
  "net_income": 153416990510,
  "total_assets": 4237266337753,
  "total_debt": 2728064346860,
  "total_equity": 1509201990893,
  "data_source": "f_data_financial",
  "revenue_yoy": 26.678616393364017,
  "operating_profit_yoy": 69.4207350685288,
  "net_income_yoy": 64.22728701803184,
  "debt_ratio": 180.76204267699083,
  "operating_margin": 21.502447357737157,
  "net_margin": 15.119922608286437,
  "roe": 40.661751425128365,
  "cached_at": "2025-06-09T15:56:19.462671"
}