{
  "ticker": "271940",
  "name": "일진하이솔루스",
  "market": "KOSPI",
  "quarter": "2025Q1",
  "year": 2025,
  "quarter_num": 1,
  "revenue": 10907463004,
  "operating_profit": -3016876811,
  "net_income": -487081194,
  "total_assets": 340931265930,
  "total_debt": 23946665913,
  "total_equity": 316984600017,
  "data_source": "f_data_financial",
  "revenue_yoy": 14.296929989849572,
  "net_income_yoy": -193.44277038004503,
  "debt_ratio": 7.554520286384806,
  "operating_margin": -27.65883147981934,
  "net_margin": -4.46557731913807,
  "roe": -0.6146433536189173,
  "cached_at": "2025-06-09T16:03:20.472409"
}