{
  "ticker": "272450",
  "name": "진에어",
  "market": "KOSPI",
  "quarter": "2025Q1",
  "year": 2025,
  "quarter_num": 1,
  "revenue": 417845464614,
  "operating_profit": 58273414620,
  "net_income": 45703738500,
  "total_assets": 1210838066431,
  "total_debt": 933809492530,
  "total_equity": 277028573901,
  "data_source": "f_data_financial",
  "revenue_yoy": -2.8958097399654603,
  "operating_profit_yoy": -40.83558390076409,
  "net_income_yoy": -33.06185291250495,
  "debt_ratio": 337.0805687588421,
  "operating_margin": 13.946164205427525,
  "net_margin": 10.937952513669257,
  "roe": 65.99137100757392,
  "cached_at": "2025-06-09T16:03:43.540054"
}