{
  "ticker": "277410",
  "name": "인산가",
  "market": "KOSDAQ",
  "quarter": "2025Q1",
  "year": 2025,
  "quarter_num": 1,
  "revenue": 7581934700,
  "operating_profit": -251257242,
  "net_income": -264623052,
  "total_assets": 102080442209,
  "total_debt": 37491861949,
  "total_equity": 64588580260,
  "data_source": "f_data_financial",
  "revenue_yoy": 3.295454197565384,
  "debt_ratio": 58.04719936260757,
  "operating_margin": -3.3138935105837826,
  "net_margin": -3.4901784632885327,
  "roe": -1.6388225344775524,
  "cached_at": "2025-06-09T16:32:51.528007"
}