{
  "ticker": "277810",
  "name": "레인보우로보틱스",
  "market": "KOSDAQ",
  "quarter": "2025Q1",
  "year": 2025,
  "quarter_num": 1,
  "revenue": 4184771298,
  "operating_profit": -1403140484,
  "net_income": 0,
  "total_assets": 139070909560,
  "total_debt": 7086218505,
  "total_equity": 131984691055,
  "data_source": "f_data_financial",
  "revenue_yoy": 37.279260709973386,
  "net_income_yoy": -100.0,
  "debt_ratio": 5.36897002853692,
  "operating_margin": -33.529681411038965,
  "net_margin": 0.0,
  "roe": 0.0,
  "cached_at": "2025-06-09T16:13:24.992360"
}