{
  "ticker": "287840",
  "name": "μΈν¬μ…€",
  "market": "KOSDAQ",
  "quarter": "2025Q1",
  "year": 2025,
  "quarter_num": 1,
  "revenue": 109165651,
  "operating_profit": -3409049683,
  "net_income": -3369704571,
  "total_assets": 22523358584,
  "total_debt": 18611837206,
  "total_equity": 3911521378,
  "data_source": "f_data_financial",
  "debt_ratio": 475.8209250927428,
  "operating_margin": -3122.8226569179715,
  "net_margin": -3086.7809976235108,
  "roe": -344.5927295658002,
  "cached_at": "2025-06-09T16:33:08.690212"
}