{
  "ticker": "290270",
  "name": "휴네시온",
  "market": "KOSDAQ",
  "quarter": "2025Q1",
  "year": 2025,
  "quarter_num": 1,
  "revenue": 4670147509,
  "operating_profit": -1406166979,
  "net_income": -1575633210,
  "total_assets": 48612162001,
  "total_debt": 4933256126,
  "total_equity": 43678905875,
  "data_source": "f_data_financial",
  "revenue_yoy": -14.230856024889748,
  "debt_ratio": 11.294367446194645,
  "operating_margin": -30.10969088856675,
  "net_margin": -33.7384034864754,
  "roe": -14.429236982346916,
  "cached_at": "2025-06-09T16:41:56.256243"
}