{
  "ticker": "290550",
  "name": "디케이티",
  "market": "KOSDAQ",
  "quarter": "2025Q1",
  "year": 2025,
  "quarter_num": 1,
  "revenue": 86424288834,
  "operating_profit": 2458455764,
  "net_income": 4165494269,
  "total_assets": 285066842327,
  "total_debt": 98580558588,
  "total_equity": 186486283739,
  "data_source": "f_data_financial",
  "revenue_yoy": -25.34410287296308,
  "operating_profit_yoy": -67.98669365278738,
  "net_income_yoy": -60.300945340807985,
  "debt_ratio": 52.86209613462515,
  "operating_margin": 2.844635226009316,
  "net_margin": 4.819818971262696,
  "roe": 8.93469307336273,
  "cached_at": "2025-06-09T16:12:56.454297"
}