{
  "ticker": "298060",
  "name": "에스씨엠생명과학",
  "market": "KOSDAQ",
  "quarter": "2025Q1",
  "year": 2025,
  "quarter_num": 1,
  "revenue": 573596573,
  "operating_profit": -1510094286,
  "net_income": -1540235207,
  "total_assets": 29354618698,
  "total_debt": 8736691259,
  "total_equity": 20617927439,
  "data_source": "f_data_financial",
  "revenue_yoy": 152.08753901084563,
  "debt_ratio": 42.37424583459365,
  "operating_margin": -263.26766181707995,
  "net_margin": -268.52238655198516,
  "roe": -29.881474974765045,
  "cached_at": "2025-06-09T16:22:25.759083"
}