{
  "ticker": "900100",
  "name": "애머릿지",
  "market": "KOSDAQ",
  "quarter": "2025Q1",
  "year": 2025,
  "quarter_num": 1,
  "revenue": 1678130,
  "operating_profit": -2387350,
  "net_income": -2250309,
  "total_assets": 31100264,
  "total_debt": 4087016,
  "total_equity": 27013248,
  "data_source": "f_data_financial",
  "revenue_yoy": -60.32745517503386,
  "debt_ratio": 15.129672670239433,
  "operating_margin": -142.26251839845543,
  "net_margin": -134.09622615649562,
  "roe": -33.321561331684364,
  "cached_at": "2025-06-09T16:22:04.383480"
}