{
  "ticker": "900270",
  "name": "헝셩그룹",
  "market": "KOSDAQ",
  "quarter": "2025Q1",
  "year": 2025,
  "quarter_num": 1,
  "revenue": 93237300,
  "operating_profit": -6393730,
  "net_income": -4026581,
  "total_assets": 2044138459,
  "total_debt": 244787211,
  "total_equity": 1799351248,
  "data_source": "f_data_financial",
  "revenue_yoy": -24.991485273384505,
  "net_income_yoy": -1081.4824925960681,
  "debt_ratio": 13.604192692898836,
  "operating_margin": -6.857480857982804,
  "net_margin": -4.318637498082849,
  "roe": -0.8951183943603211,
  "cached_at": "2025-06-09T16:41:28.978993"
}