{
  "ticker": "900340",
  "name": "윙입푸드",
  "market": "KOSDAQ",
  "quarter": "2025Q1",
  "year": 2025,
  "quarter_num": 1,
  "revenue": 249609024,
  "operating_profit": 30000708,
  "net_income": 17311544,
  "total_assets": 1440541203,
  "total_debt": 279799983,
  "total_equity": 1160741220,
  "data_source": "f_data_financial",
  "revenue_yoy": 2.8415519069640682,
  "operating_profit_yoy": -26.428964095950157,
  "net_income_yoy": -44.437297433678225,
  "debt_ratio": 24.10528532793899,
  "operating_margin": 12.019079887111774,
  "net_margin": 6.935463999891287,
  "roe": 5.965685960562338,
  "cached_at": "2025-06-09T16:31:03.568219"
}